STATE,OFFENCE CATEGORY,OFFENCE SUBCATEGORY,NUMBER
FEDERAL CAPITAL TERRITORY,OFFENCES AGAINST PROPERTY,ARMED ROBBERY,384
FEDERAL CAPITAL TERRITORY,OFFENCES AGAINST PROPERTY,WOUNDING WITH MENACE,0
FEDERAL CAPITAL TERRITORY,OFFENCES AGAINST PROPERTY,THEFT /STEALING,2586
FEDERAL CAPITAL TERRITORY,OFFENCES AGAINST PROPERTY,BURGLARY,32
FEDERAL CAPITAL TERRITORY,OFFENCES AGAINST PROPERTY,HOUSE BREAKING,129
FEDERAL CAPITAL TERRITORY,OFFENCES AGAINST PROPERTY,STORE BREAKING,16
FEDERAL CAPITAL TERRITORY,OFFENCES AGAINST PROPERTY,FALSE PRETENCE & CHEATING/ FRAUD,518
FEDERAL CAPITAL TERRITORY,OFFENCES AGAINST PROPERTY,FORGERY,7
FEDERAL CAPITAL TERRITORY,OFFENCES AGAINST PROPERTY,RECEIVING STOLEN PROPERTY,288
FEDERAL CAPITAL TERRITORY,OFFENCES AGAINST PROPERTY,UNLAWFUL POSSESS,0
FEDERAL CAPITAL TERRITORY,OFFENCES AGAINST PROPERTY,ARSON,12
FEDERAL CAPITAL TERRITORY,OFFENCES AGAINST PROPERTY,OTHER OFFENCE AGAINST PROPERTY,188
AKWA IBOM,OFFENCES AGAINST PROPERTY,ARMED ROBBERY,47
AKWA IBOM,OFFENCES AGAINST PROPERTY,WOUNDING WITH MENACE,6
AKWA IBOM,OFFENCES AGAINST PROPERTY,THEFT /STEALING,310
AKWA IBOM,OFFENCES AGAINST PROPERTY,BURGLARY,14
AKWA IBOM,OFFENCES AGAINST PROPERTY,HOUSE BREAKING,13
AKWA IBOM,OFFENCES AGAINST PROPERTY,STORE BREAKING,0
AKWA IBOM,OFFENCES AGAINST PROPERTY,FALSE PRETENCE & CHEATING/ FRAUD,168
AKWA IBOM,OFFENCES AGAINST PROPERTY,FORGERY,11
AKWA IBOM,OFFENCES AGAINST PROPERTY,RECEIVING STOLEN PROPERTY,8
AKWA IBOM,OFFENCES AGAINST PROPERTY,UNLAWFUL POSSESS,7
AKWA IBOM,OFFENCES AGAINST PROPERTY,ARSON,4
AKWA IBOM,OFFENCES AGAINST PROPERTY,OTHER OFFENCE AGAINST PROPERTY,5
ANAMBRA,OFFENCES AGAINST PROPERTY,ARMED ROBBERY,6
ANAMBRA,OFFENCES AGAINST PROPERTY,WOUNDING WITH MENACE,0
ANAMBRA,OFFENCES AGAINST PROPERTY,THEFT /STEALING,484
ANAMBRA,OFFENCES AGAINST PROPERTY,BURGLARY,22
ANAMBRA,OFFENCES AGAINST PROPERTY,HOUSE BREAKING,76
ANAMBRA,OFFENCES AGAINST PROPERTY,STORE BREAKING,7
ANAMBRA,OFFENCES AGAINST PROPERTY,FALSE PRETENCE & CHEATING/ FRAUD,0
ANAMBRA,OFFENCES AGAINST PROPERTY,FORGERY,20
ANAMBRA,OFFENCES AGAINST PROPERTY,RECEIVING STOLEN PROPERTY,19
ANAMBRA,OFFENCES AGAINST PROPERTY,UNLAWFUL POSSESS,43
ANAMBRA,OFFENCES AGAINST PROPERTY,ARSON,12
ANAMBRA,OFFENCES AGAINST PROPERTY,OTHER OFFENCE AGAINST PROPERTY,341
ABIA,OFFENCES AGAINST PROPERTY,ARMED ROBBERY,88
ABIA,OFFENCES AGAINST PROPERTY,WOUNDING WITH MENACE,0
ABIA,OFFENCES AGAINST PROPERTY,THEFT /STEALING,570
ABIA,OFFENCES AGAINST PROPERTY,BURGLARY,23
ABIA,OFFENCES AGAINST PROPERTY,HOUSE BREAKING,576
ABIA,OFFENCES AGAINST PROPERTY,STORE BREAKING,23
ABIA,OFFENCES AGAINST PROPERTY,FALSE PRETENCE & CHEATING/ FRAUD,544
ABIA,OFFENCES AGAINST PROPERTY,FORGERY,4
ABIA,OFFENCES AGAINST PROPERTY,RECEIVING STOLEN PROPERTY,9
ABIA,OFFENCES AGAINST PROPERTY,UNLAWFUL POSSESS,49
ABIA,OFFENCES AGAINST PROPERTY,ARSON,345
ABIA,OFFENCES AGAINST PROPERTY,OTHER OFFENCE AGAINST PROPERTY,89
ADAMAWA,OFFENCES AGAINST PROPERTY,ARMED ROBBERY,45
ADAMAWA,OFFENCES AGAINST PROPERTY,WOUNDING WITH MENACE,0
ADAMAWA,OFFENCES AGAINST PROPERTY,THEFT /STEALING,825
ADAMAWA,OFFENCES AGAINST PROPERTY,BURGLARY,0
ADAMAWA,OFFENCES AGAINST PROPERTY,HOUSE BREAKING,62
ADAMAWA,OFFENCES AGAINST PROPERTY,STORE BREAKING,24
ADAMAWA,OFFENCES AGAINST PROPERTY,FALSE PRETENCE & CHEATING/ FRAUD,106
ADAMAWA,OFFENCES AGAINST PROPERTY,FORGERY,5
ADAMAWA,OFFENCES AGAINST PROPERTY,RECEIVING STOLEN PROPERTY,65
ADAMAWA,OFFENCES AGAINST PROPERTY,UNLAWFUL POSSESS,28
ADAMAWA,OFFENCES AGAINST PROPERTY,ARSON,0
ADAMAWA,OFFENCES AGAINST PROPERTY,OTHER OFFENCE AGAINST PROPERTY,246
BAUCHI,OFFENCES AGAINST PROPERTY,ARMED ROBBERY,57
BAUCHI,OFFENCES AGAINST PROPERTY,WOUNDING WITH MENACE,0
BAUCHI,OFFENCES AGAINST PROPERTY,THEFT /STEALING,33
BAUCHI,OFFENCES AGAINST PROPERTY,BURGLARY,0
BAUCHI,OFFENCES AGAINST PROPERTY,HOUSE BREAKING,0
BAUCHI,OFFENCES AGAINST PROPERTY,STORE BREAKING,0
BAUCHI,OFFENCES AGAINST PROPERTY,FALSE PRETENCE & CHEATING/ FRAUD,43
BAUCHI,OFFENCES AGAINST PROPERTY,FORGERY,10
BAUCHI,OFFENCES AGAINST PROPERTY,RECEIVING STOLEN PROPERTY,4
BAUCHI,OFFENCES AGAINST PROPERTY,UNLAWFUL POSSESS,5
BAUCHI,OFFENCES AGAINST PROPERTY,ARSON,9
BAUCHI,OFFENCES AGAINST PROPERTY,OTHER OFFENCE AGAINST PROPERTY,25
BENUE,OFFENCES AGAINST PROPERTY,ARMED ROBBERY,59
BENUE,OFFENCES AGAINST PROPERTY,WOUNDING WITH MENACE,5
BENUE,OFFENCES AGAINST PROPERTY,THEFT /STEALING,811
BENUE,OFFENCES AGAINST PROPERTY,BURGLARY,32
BENUE,OFFENCES AGAINST PROPERTY,HOUSE BREAKING,34
BENUE,OFFENCES AGAINST PROPERTY,STORE BREAKING,90
BENUE,OFFENCES AGAINST PROPERTY,FALSE PRETENCE & CHEATING/ FRAUD,22
BENUE,OFFENCES AGAINST PROPERTY,FORGERY,11
BENUE,OFFENCES AGAINST PROPERTY,RECEIVING STOLEN PROPERTY,5
BENUE,OFFENCES AGAINST PROPERTY,UNLAWFUL POSSESS,3
BENUE,OFFENCES AGAINST PROPERTY,ARSON,8
BENUE,OFFENCES AGAINST PROPERTY,OTHER OFFENCE AGAINST PROPERTY,420
BORNO,OFFENCES AGAINST PROPERTY,ARMED ROBBERY,25
BORNO,OFFENCES AGAINST PROPERTY,WOUNDING WITH MENACE,7
BORNO,OFFENCES AGAINST PROPERTY,THEFT /STEALING,357
BORNO,OFFENCES AGAINST PROPERTY,BURGLARY,4
BORNO,OFFENCES AGAINST PROPERTY,HOUSE BREAKING,16
BORNO,OFFENCES AGAINST PROPERTY,STORE BREAKING,44
BORNO,OFFENCES AGAINST PROPERTY,FALSE PRETENCE & CHEATING/ FRAUD,234
BORNO,OFFENCES AGAINST PROPERTY,FORGERY,10
BORNO,OFFENCES AGAINST PROPERTY,RECEIVING STOLEN PROPERTY,4
BORNO,OFFENCES AGAINST PROPERTY,UNLAWFUL POSSESS,11
BORNO,OFFENCES AGAINST PROPERTY,ARSON,4
BORNO,OFFENCES AGAINST PROPERTY,OTHER OFFENCE AGAINST PROPERTY,191
BAYELSA,OFFENCES AGAINST PROPERTY,ARMED ROBBERY,148
BAYELSA,OFFENCES AGAINST PROPERTY,WOUNDING WITH MENACE,2
BAYELSA,OFFENCES AGAINST PROPERTY,THEFT /STEALING,266
BAYELSA,OFFENCES AGAINST PROPERTY,BURGLARY,31
BAYELSA,OFFENCES AGAINST PROPERTY,HOUSE BREAKING,11
BAYELSA,OFFENCES AGAINST PROPERTY,STORE BREAKING,13
BAYELSA,OFFENCES AGAINST PROPERTY,FALSE PRETENCE & CHEATING/ FRAUD,137
BAYELSA,OFFENCES AGAINST PROPERTY,FORGERY,12
BAYELSA,OFFENCES AGAINST PROPERTY,RECEIVING STOLEN PROPERTY,4
BAYELSA,OFFENCES AGAINST PROPERTY,UNLAWFUL POSSESS,41
BAYELSA,OFFENCES AGAINST PROPERTY,ARSON,7
BAYELSA,OFFENCES AGAINST PROPERTY,OTHER OFFENCE AGAINST PROPERTY,168
CROSS RIVER,OFFENCES AGAINST PROPERTY,ARMED ROBBERY,112
CROSS RIVER,OFFENCES AGAINST PROPERTY,WOUNDING WITH MENACE,4
CROSS RIVER,OFFENCES AGAINST PROPERTY,THEFT /STEALING,624
CROSS RIVER,OFFENCES AGAINST PROPERTY,BURGLARY,28
CROSS RIVER,OFFENCES AGAINST PROPERTY,HOUSE BREAKING,25
CROSS RIVER,OFFENCES AGAINST PROPERTY,STORE BREAKING,19
CROSS RIVER,OFFENCES AGAINST PROPERTY,FALSE PRETENCE & CHEATING/ FRAUD,131
CROSS RIVER,OFFENCES AGAINST PROPERTY,FORGERY,11
CROSS RIVER,OFFENCES AGAINST PROPERTY,RECEIVING STOLEN PROPERTY,5
CROSS RIVER,OFFENCES AGAINST PROPERTY,UNLAWFUL POSSESS,31
CROSS RIVER,OFFENCES AGAINST PROPERTY,ARSON,16
CROSS RIVER,OFFENCES AGAINST PROPERTY,OTHER OFFENCE AGAINST PROPERTY,152
DELTA STATE,OFFENCES AGAINST PROPERTY,ARMED ROBBERY,60
DELTA STATE,OFFENCES AGAINST PROPERTY,WOUNDING WITH MENACE,11
DELTA STATE,OFFENCES AGAINST PROPERTY,THEFT /STEALING,1586
DELTA STATE,OFFENCES AGAINST PROPERTY,BURGLARY,156
DELTA STATE,OFFENCES AGAINST PROPERTY,HOUSE BREAKING,146
DELTA STATE,OFFENCES AGAINST PROPERTY,STORE BREAKING,370
DELTA STATE,OFFENCES AGAINST PROPERTY,FALSE PRETENCE & CHEATING/ FRAUD,345
DELTA STATE,OFFENCES AGAINST PROPERTY,FORGERY,20
DELTA STATE,OFFENCES AGAINST PROPERTY,RECEIVING STOLEN PROPERTY,19
DELTA STATE,OFFENCES AGAINST PROPERTY,UNLAWFUL POSSESS,43
DELTA STATE,OFFENCES AGAINST PROPERTY,ARSON,12
DELTA STATE,OFFENCES AGAINST PROPERTY,OTHER OFFENCE AGAINST PROPERTY,341
EBONYI,OFFENCES AGAINST PROPERTY,ARMED ROBBERY,370
EBONYI,OFFENCES AGAINST PROPERTY,WOUNDING WITH MENACE,7
EBONYI,OFFENCES AGAINST PROPERTY,THEFT /STEALING,1272
EBONYI,OFFENCES AGAINST PROPERTY,BURGLARY,45
EBONYI,OFFENCES AGAINST PROPERTY,HOUSE BREAKING,66
EBONYI,OFFENCES AGAINST PROPERTY,STORE BREAKING,41
EBONYI,OFFENCES AGAINST PROPERTY,FALSE PRETENCE & CHEATING/ FRAUD,562
EBONYI,OFFENCES AGAINST PROPERTY,FORGERY,40
EBONYI,OFFENCES AGAINST PROPERTY,RECEIVING STOLEN PROPERTY,23
EBONYI,OFFENCES AGAINST PROPERTY,UNLAWFUL POSSESS,64
EBONYI,OFFENCES AGAINST PROPERTY,ARSON,22
EBONYI,OFFENCES AGAINST PROPERTY,OTHER OFFENCE AGAINST PROPERTY,275
EDO,OFFENCES AGAINST PROPERTY,ARMED ROBBERY,1
EDO,OFFENCES AGAINST PROPERTY,WOUNDING WITH MENACE,253
EDO,OFFENCES AGAINST PROPERTY,THEFT /STEALING,20
EDO,OFFENCES AGAINST PROPERTY,BURGLARY,36
EDO,OFFENCES AGAINST PROPERTY,HOUSE BREAKING,18
EDO,OFFENCES AGAINST PROPERTY,STORE BREAKING,20
EDO,OFFENCES AGAINST PROPERTY,FALSE PRETENCE & CHEATING/ FRAUD,5
EDO,OFFENCES AGAINST PROPERTY,FORGERY,8
EDO,OFFENCES AGAINST PROPERTY,RECEIVING STOLEN PROPERTY,49
EDO,OFFENCES AGAINST PROPERTY,UNLAWFUL POSSESS,345
EDO,OFFENCES AGAINST PROPERTY,ARSON,89
EDO,OFFENCES AGAINST PROPERTY,OTHER OFFENCE AGAINST PROPERTY,4
ENUGU,OFFENCES AGAINST PROPERTY,ARMED ROBBERY,52
ENUGU,OFFENCES AGAINST PROPERTY,WOUNDING WITH MENACE,30
ENUGU,OFFENCES AGAINST PROPERTY,THEFT /STEALING,425
ENUGU,OFFENCES AGAINST PROPERTY,BURGLARY,71
ENUGU,OFFENCES AGAINST PROPERTY,HOUSE BREAKING,71
ENUGU,OFFENCES AGAINST PROPERTY,STORE BREAKING,66
ENUGU,OFFENCES AGAINST PROPERTY,FALSE PRETENCE & CHEATING/ FRAUD,114
ENUGU,OFFENCES AGAINST PROPERTY,FORGERY,29
ENUGU,OFFENCES AGAINST PROPERTY,RECEIVING STOLEN PROPERTY,41
ENUGU,OFFENCES AGAINST PROPERTY,UNLAWFUL POSSESS,115
ENUGU,OFFENCES AGAINST PROPERTY,ARSON,1
ENUGU,OFFENCES AGAINST PROPERTY,OTHER OFFENCE AGAINST PROPERTY,96
GOMBE,OFFENCES AGAINST PROPERTY,ARMED ROBBERY,89
GOMBE,OFFENCES AGAINST PROPERTY,WOUNDING WITH MENACE,0
GOMBE,OFFENCES AGAINST PROPERTY,THEFT /STEALING,458
GOMBE,OFFENCES AGAINST PROPERTY,BURGLARY,0
GOMBE,OFFENCES AGAINST PROPERTY,HOUSE BREAKING,59
GOMBE,OFFENCES AGAINST PROPERTY,STORE BREAKING,8
GOMBE,OFFENCES AGAINST PROPERTY,FALSE PRETENCE & CHEATING/ FRAUD,164
GOMBE,OFFENCES AGAINST PROPERTY,FORGERY,3
GOMBE,OFFENCES AGAINST PROPERTY,RECEIVING STOLEN PROPERTY,35
GOMBE,OFFENCES AGAINST PROPERTY,UNLAWFUL POSSESS,10
GOMBE,OFFENCES AGAINST PROPERTY,ARSON,47
GOMBE,OFFENCES AGAINST PROPERTY,OTHER OFFENCE AGAINST PROPERTY,99
EKITI,OFFENCES AGAINST PROPERTY,ARMED ROBBERY,52
EKITI,OFFENCES AGAINST PROPERTY,WOUNDING WITH MENACE,0
EKITI,OFFENCES AGAINST PROPERTY,THEFT /STEALING,335
EKITI,OFFENCES AGAINST PROPERTY,BURGLARY,0
EKITI,OFFENCES AGAINST PROPERTY,HOUSE BREAKING,5
EKITI,OFFENCES AGAINST PROPERTY,STORE BREAKING,2
EKITI,OFFENCES AGAINST PROPERTY,FALSE PRETENCE & CHEATING/ FRAUD,45
EKITI,OFFENCES AGAINST PROPERTY,FORGERY,7
EKITI,OFFENCES AGAINST PROPERTY,RECEIVING STOLEN PROPERTY,3
EKITI,OFFENCES AGAINST PROPERTY,UNLAWFUL POSSESS,13
EKITI,OFFENCES AGAINST PROPERTY,ARSON,15
EKITI,OFFENCES AGAINST PROPERTY,OTHER OFFENCE AGAINST PROPERTY,77
IMO,OFFENCES AGAINST PROPERTY,ARMED ROBBERY,40
IMO,OFFENCES AGAINST PROPERTY,WOUNDING WITH MENACE,0
IMO,OFFENCES AGAINST PROPERTY,THEFT /STEALING,166
IMO,OFFENCES AGAINST PROPERTY,BURGLARY,27
IMO,OFFENCES AGAINST PROPERTY,HOUSE BREAKING,31
IMO,OFFENCES AGAINST PROPERTY,STORE BREAKING,21
IMO,OFFENCES AGAINST PROPERTY,FALSE PRETENCE & CHEATING/ FRAUD,120
IMO,OFFENCES AGAINST PROPERTY,FORGERY,0
IMO,OFFENCES AGAINST PROPERTY,RECEIVING STOLEN PROPERTY,0
IMO,OFFENCES AGAINST PROPERTY,UNLAWFUL POSSESS,16
IMO,OFFENCES AGAINST PROPERTY,ARSON,6
IMO,OFFENCES AGAINST PROPERTY,OTHER OFFENCE AGAINST PROPERTY,270
JIGAWA,OFFENCES AGAINST PROPERTY,ARMED ROBBERY,44
JIGAWA,OFFENCES AGAINST PROPERTY,WOUNDING WITH MENACE,0
JIGAWA,OFFENCES AGAINST PROPERTY,THEFT /STEALING,150
JIGAWA,OFFENCES AGAINST PROPERTY,BURGLARY,1
JIGAWA,OFFENCES AGAINST PROPERTY,HOUSE BREAKING,41
JIGAWA,OFFENCES AGAINST PROPERTY,STORE BREAKING,0
JIGAWA,OFFENCES AGAINST PROPERTY,FALSE PRETENCE & CHEATING/ FRAUD,15
JIGAWA,OFFENCES AGAINST PROPERTY,FORGERY,0
JIGAWA,OFFENCES AGAINST PROPERTY,RECEIVING STOLEN PROPERTY,7
JIGAWA,OFFENCES AGAINST PROPERTY,UNLAWFUL POSSESS,7
JIGAWA,OFFENCES AGAINST PROPERTY,ARSON,5
JIGAWA,OFFENCES AGAINST PROPERTY,OTHER OFFENCE AGAINST PROPERTY,127
KADUNA,OFFENCES AGAINST PROPERTY,ARMED ROBBERY,67
KADUNA,OFFENCES AGAINST PROPERTY,WOUNDING WITH MENACE,0
KADUNA,OFFENCES AGAINST PROPERTY,THEFT /STEALING,133
KADUNA,OFFENCES AGAINST PROPERTY,BURGLARY,0
KADUNA,OFFENCES AGAINST PROPERTY,HOUSE BREAKING,40
KADUNA,OFFENCES AGAINST PROPERTY,STORE BREAKING,43
KADUNA,OFFENCES AGAINST PROPERTY,FALSE PRETENCE & CHEATING/ FRAUD,309
KADUNA,OFFENCES AGAINST PROPERTY,FORGERY,43
KADUNA,OFFENCES AGAINST PROPERTY,RECEIVING STOLEN PROPERTY,27
KADUNA,OFFENCES AGAINST PROPERTY,UNLAWFUL POSSESS,29
KADUNA,OFFENCES AGAINST PROPERTY,ARSON,0
KADUNA,OFFENCES AGAINST PROPERTY,OTHER OFFENCE AGAINST PROPERTY,3
KANO,OFFENCES AGAINST PROPERTY,ARMED ROBBERY,36
KANO,OFFENCES AGAINST PROPERTY,WOUNDING WITH MENACE,4
KANO,OFFENCES AGAINST PROPERTY,THEFT /STEALING,1385
KANO,OFFENCES AGAINST PROPERTY,BURGLARY,8
KANO,OFFENCES AGAINST PROPERTY,HOUSE BREAKING,135
KANO,OFFENCES AGAINST PROPERTY,STORE BREAKING,137
KANO,OFFENCES AGAINST PROPERTY,FALSE PRETENCE & CHEATING/ FRAUD,699
KANO,OFFENCES AGAINST PROPERTY,FORGERY,10
KANO,OFFENCES AGAINST PROPERTY,RECEIVING STOLEN PROPERTY,199
KANO,OFFENCES AGAINST PROPERTY,UNLAWFUL POSSESS,213
KANO,OFFENCES AGAINST PROPERTY,ARSON,22
KANO,OFFENCES AGAINST PROPERTY,OTHER OFFENCE AGAINST PROPERTY,466
KATSINA,OFFENCES AGAINST PROPERTY,ARMED ROBBERY,98
KATSINA,OFFENCES AGAINST PROPERTY,WOUNDING WITH MENACE,29
KATSINA,OFFENCES AGAINST PROPERTY,THEFT /STEALING,498
KATSINA,OFFENCES AGAINST PROPERTY,BURGLARY,5
KATSINA,OFFENCES AGAINST PROPERTY,HOUSE BREAKING,7
KATSINA,OFFENCES AGAINST PROPERTY,STORE BREAKING,11
KATSINA,OFFENCES AGAINST PROPERTY,FALSE PRETENCE & CHEATING/ FRAUD,101
KATSINA,OFFENCES AGAINST PROPERTY,FORGERY,23
KATSINA,OFFENCES AGAINST PROPERTY,RECEIVING STOLEN PROPERTY,1
KATSINA,OFFENCES AGAINST PROPERTY,UNLAWFUL POSSESS,19
KATSINA,OFFENCES AGAINST PROPERTY,ARSON,6
KATSINA,OFFENCES AGAINST PROPERTY,OTHER OFFENCE AGAINST PROPERTY,104
KEBBI,OFFENCES AGAINST PROPERTY,ARMED ROBBERY,30
KEBBI,OFFENCES AGAINST PROPERTY,WOUNDING WITH MENACE,0
KEBBI,OFFENCES AGAINST PROPERTY,THEFT /STEALING,27
KEBBI,OFFENCES AGAINST PROPERTY,BURGLARY,0
KEBBI,OFFENCES AGAINST PROPERTY,HOUSE BREAKING,2
KEBBI,OFFENCES AGAINST PROPERTY,STORE BREAKING,1
KEBBI,OFFENCES AGAINST PROPERTY,FALSE PRETENCE & CHEATING/ FRAUD,20
KEBBI,OFFENCES AGAINST PROPERTY,FORGERY,0
KEBBI,OFFENCES AGAINST PROPERTY,RECEIVING STOLEN PROPERTY,5
KEBBI,OFFENCES AGAINST PROPERTY,UNLAWFUL POSSESS,9
KEBBI,OFFENCES AGAINST PROPERTY,ARSON,5
KEBBI,OFFENCES AGAINST PROPERTY,OTHER OFFENCE AGAINST PROPERTY,7
KOGI,OFFENCES AGAINST PROPERTY,ARMED ROBBERY,37
KOGI,OFFENCES AGAINST PROPERTY,WOUNDING WITH MENACE,0
KOGI,OFFENCES AGAINST PROPERTY,THEFT /STEALING,20
KOGI,OFFENCES AGAINST PROPERTY,BURGLARY,0
KOGI,OFFENCES AGAINST PROPERTY,HOUSE BREAKING,1
KOGI,OFFENCES AGAINST PROPERTY,STORE BREAKING,0
KOGI,OFFENCES AGAINST PROPERTY,FALSE PRETENCE & CHEATING/ FRAUD,7
KOGI,OFFENCES AGAINST PROPERTY,FORGERY,2
KOGI,OFFENCES AGAINST PROPERTY,RECEIVING STOLEN PROPERTY,0
KOGI,OFFENCES AGAINST PROPERTY,UNLAWFUL POSSESS,22
KOGI,OFFENCES AGAINST PROPERTY,ARSON,0
KOGI,OFFENCES AGAINST PROPERTY,OTHER OFFENCE AGAINST PROPERTY,22
KWARA,OFFENCES AGAINST PROPERTY,ARMED ROBBERY,80
KWARA,OFFENCES AGAINST PROPERTY,WOUNDING WITH MENACE,1
KWARA,OFFENCES AGAINST PROPERTY,THEFT /STEALING,253
KWARA,OFFENCES AGAINST PROPERTY,BURGLARY,20
KWARA,OFFENCES AGAINST PROPERTY,HOUSE BREAKING,36
KWARA,OFFENCES AGAINST PROPERTY,STORE BREAKING,18
KWARA,OFFENCES AGAINST PROPERTY,FALSE PRETENCE & CHEATING/ FRAUD,20
KWARA,OFFENCES AGAINST PROPERTY,FORGERY,5
KWARA,OFFENCES AGAINST PROPERTY,RECEIVING STOLEN PROPERTY,8
KWARA,OFFENCES AGAINST PROPERTY,UNLAWFUL POSSESS,6
KWARA,OFFENCES AGAINST PROPERTY,ARSON,12
KWARA,OFFENCES AGAINST PROPERTY,OTHER OFFENCE AGAINST PROPERTY,67
LAGOS STATE,OFFENCES AGAINST PROPERTY,ARMED ROBBERY,370
LAGOS STATE,OFFENCES AGAINST PROPERTY,WOUNDING WITH MENACE,77
LAGOS STATE,OFFENCES AGAINST PROPERTY,THEFT /STEALING,12724
LAGOS STATE,OFFENCES AGAINST PROPERTY,BURGLARY,1213
LAGOS STATE,OFFENCES AGAINST PROPERTY,HOUSE BREAKING,668
LAGOS STATE,OFFENCES AGAINST PROPERTY,STORE BREAKING,417
LAGOS STATE,OFFENCES AGAINST PROPERTY,FALSE PRETENCE & CHEATING/ FRAUD,5623
LAGOS STATE,OFFENCES AGAINST PROPERTY,FORGERY,403
LAGOS STATE,OFFENCES AGAINST PROPERTY,RECEIVING STOLEN PROPERTY,233
LAGOS STATE,OFFENCES AGAINST PROPERTY,UNLAWFUL POSSESS,764
LAGOS STATE,OFFENCES AGAINST PROPERTY,ARSON,222
LAGOS STATE,OFFENCES AGAINST PROPERTY,OTHER OFFENCE AGAINST PROPERTY,2275
NIGER,OFFENCES AGAINST PROPERTY,ARMED ROBBERY,58
NIGER,OFFENCES AGAINST PROPERTY,WOUNDING WITH MENACE,0
NIGER,OFFENCES AGAINST PROPERTY,THEFT /STEALING,595
NIGER,OFFENCES AGAINST PROPERTY,BURGLARY,0
NIGER,OFFENCES AGAINST PROPERTY,HOUSE BREAKING,82
NIGER,OFFENCES AGAINST PROPERTY,STORE BREAKING,22
NIGER,OFFENCES AGAINST PROPERTY,FALSE PRETENCE & CHEATING/ FRAUD,137
NIGER,OFFENCES AGAINST PROPERTY,FORGERY,2
NIGER,OFFENCES AGAINST PROPERTY,RECEIVING STOLEN PROPERTY,17
NIGER,OFFENCES AGAINST PROPERTY,UNLAWFUL POSSESS,25
NIGER,OFFENCES AGAINST PROPERTY,ARSON,66
NIGER,OFFENCES AGAINST PROPERTY,OTHER OFFENCE AGAINST PROPERTY,339
NASARAWA,OFFENCES AGAINST PROPERTY,ARMED ROBBERY,29
NASARAWA,OFFENCES AGAINST PROPERTY,WOUNDING WITH MENACE,0
NASARAWA,OFFENCES AGAINST PROPERTY,THEFT /STEALING,0
NASARAWA,OFFENCES AGAINST PROPERTY,BURGLARY,0
NASARAWA,OFFENCES AGAINST PROPERTY,HOUSE BREAKING,121
NASARAWA,OFFENCES AGAINST PROPERTY,STORE BREAKING,45
NASARAWA,OFFENCES AGAINST PROPERTY,FALSE PRETENCE & CHEATING/ FRAUD,144
NASARAWA,OFFENCES AGAINST PROPERTY,FORGERY,4
NASARAWA,OFFENCES AGAINST PROPERTY,RECEIVING STOLEN PROPERTY,54
NASARAWA,OFFENCES AGAINST PROPERTY,UNLAWFUL POSSESS,3
NASARAWA,OFFENCES AGAINST PROPERTY,ARSON,20
NASARAWA,OFFENCES AGAINST PROPERTY,OTHER OFFENCE AGAINST PROPERTY,61
OGUN,OFFENCES AGAINST PROPERTY,ARMED ROBBERY,65
OGUN,OFFENCES AGAINST PROPERTY,WOUNDING WITH MENACE,5
OGUN,OFFENCES AGAINST PROPERTY,THEFT /STEALING,127
OGUN,OFFENCES AGAINST PROPERTY,BURGLARY,63
OGUN,OFFENCES AGAINST PROPERTY,HOUSE BREAKING,57
OGUN,OFFENCES AGAINST PROPERTY,STORE BREAKING,34
OGUN,OFFENCES AGAINST PROPERTY,FALSE PRETENCE & CHEATING/ FRAUD,70
OGUN,OFFENCES AGAINST PROPERTY,FORGERY,11
OGUN,OFFENCES AGAINST PROPERTY,RECEIVING STOLEN PROPERTY,25
OGUN,OFFENCES AGAINST PROPERTY,UNLAWFUL POSSESS,31
OGUN,OFFENCES AGAINST PROPERTY,ARSON,11
OGUN,OFFENCES AGAINST PROPERTY,OTHER OFFENCE AGAINST PROPERTY,47
ONDO,OFFENCES AGAINST PROPERTY,ARMED ROBBERY,88
ONDO,OFFENCES AGAINST PROPERTY,WOUNDING WITH MENACE,3
ONDO,OFFENCES AGAINST PROPERTY,THEFT /STEALING,1107
ONDO,OFFENCES AGAINST PROPERTY,BURGLARY,89
ONDO,OFFENCES AGAINST PROPERTY,HOUSE BREAKING,83
ONDO,OFFENCES AGAINST PROPERTY,STORE BREAKING,57
ONDO,OFFENCES AGAINST PROPERTY,FALSE PRETENCE & CHEATING/ FRAUD,485
ONDO,OFFENCES AGAINST PROPERTY,FORGERY,16
ONDO,OFFENCES AGAINST PROPERTY,RECEIVING STOLEN PROPERTY,8
ONDO,OFFENCES AGAINST PROPERTY,UNLAWFUL POSSESS,203
ONDO,OFFENCES AGAINST PROPERTY,ARSON,3
ONDO,OFFENCES AGAINST PROPERTY,OTHER OFFENCE AGAINST PROPERTY,0
OYO,OFFENCES AGAINST PROPERTY,ARMED ROBBERY,59
OYO,OFFENCES AGAINST PROPERTY,WOUNDING WITH MENACE,0
OYO,OFFENCES AGAINST PROPERTY,THEFT /STEALING,978
OYO,OFFENCES AGAINST PROPERTY,BURGLARY,149
OYO,OFFENCES AGAINST PROPERTY,HOUSE BREAKING,172
OYO,OFFENCES AGAINST PROPERTY,STORE BREAKING,157
OYO,OFFENCES AGAINST PROPERTY,FALSE PRETENCE & CHEATING/ FRAUD,224
OYO,OFFENCES AGAINST PROPERTY,FORGERY,24
OYO,OFFENCES AGAINST PROPERTY,RECEIVING STOLEN PROPERTY,4
OYO,OFFENCES AGAINST PROPERTY,UNLAWFUL POSSESS,80
OYO,OFFENCES AGAINST PROPERTY,ARSON,18
OYO,OFFENCES AGAINST PROPERTY,OTHER OFFENCE AGAINST PROPERTY,0
OSUN,OFFENCES AGAINST PROPERTY,ARMED ROBBERY,32
OSUN,OFFENCES AGAINST PROPERTY,WOUNDING WITH MENACE,2
OSUN,OFFENCES AGAINST PROPERTY,THEFT /STEALING,279
OSUN,OFFENCES AGAINST PROPERTY,BURGLARY,42
OSUN,OFFENCES AGAINST PROPERTY,HOUSE BREAKING,37
OSUN,OFFENCES AGAINST PROPERTY,STORE BREAKING,49
OSUN,OFFENCES AGAINST PROPERTY,FALSE PRETENCE & CHEATING/ FRAUD,60
OSUN,OFFENCES AGAINST PROPERTY,FORGERY,1
OSUN,OFFENCES AGAINST PROPERTY,RECEIVING STOLEN PROPERTY,1
OSUN,OFFENCES AGAINST PROPERTY,UNLAWFUL POSSESS,10
OSUN,OFFENCES AGAINST PROPERTY,ARSON,0
OSUN,OFFENCES AGAINST PROPERTY,OTHER OFFENCE AGAINST PROPERTY,1
PLATEAU,OFFENCES AGAINST PROPERTY,ARMED ROBBERY,44
PLATEAU,OFFENCES AGAINST PROPERTY,WOUNDING WITH MENACE,2
PLATEAU,OFFENCES AGAINST PROPERTY,THEFT /STEALING,801
PLATEAU,OFFENCES AGAINST PROPERTY,BURGLARY,9
PLATEAU,OFFENCES AGAINST PROPERTY,HOUSE BREAKING,138
PLATEAU,OFFENCES AGAINST PROPERTY,STORE BREAKING,72
PLATEAU,OFFENCES AGAINST PROPERTY,FALSE PRETENCE & CHEATING/ FRAUD,254
PLATEAU,OFFENCES AGAINST PROPERTY,FORGERY,26
PLATEAU,OFFENCES AGAINST PROPERTY,RECEIVING STOLEN PROPERTY,79
PLATEAU,OFFENCES AGAINST PROPERTY,UNLAWFUL POSSESS,86
PLATEAU,OFFENCES AGAINST PROPERTY,ARSON,16
PLATEAU,OFFENCES AGAINST PROPERTY,OTHER OFFENCE AGAINST PROPERTY,342
RIVERS,OFFENCES AGAINST PROPERTY,ARMED ROBBERY,564
RIVERS,OFFENCES AGAINST PROPERTY,WOUNDING WITH MENACE,87
RIVERS,OFFENCES AGAINST PROPERTY,THEFT /STEALING,121
RIVERS,OFFENCES AGAINST PROPERTY,BURGLARY,45
RIVERS,OFFENCES AGAINST PROPERTY,HOUSE BREAKING,144
RIVERS,OFFENCES AGAINST PROPERTY,STORE BREAKING,4
RIVERS,OFFENCES AGAINST PROPERTY,FALSE PRETENCE & CHEATING/ FRAUD,54
RIVERS,OFFENCES AGAINST PROPERTY,FORGERY,3
RIVERS,OFFENCES AGAINST PROPERTY,RECEIVING STOLEN PROPERTY,20
RIVERS,OFFENCES AGAINST PROPERTY,UNLAWFUL POSSESS,61
RIVERS,OFFENCES AGAINST PROPERTY,ARSON,0
RIVERS,OFFENCES AGAINST PROPERTY,OTHER OFFENCE AGAINST PROPERTY,0
SOKOTO,OFFENCES AGAINST PROPERTY,ARMED ROBBERY,60
SOKOTO,OFFENCES AGAINST PROPERTY,WOUNDING WITH MENACE,0
SOKOTO,OFFENCES AGAINST PROPERTY,THEFT /STEALING,993
SOKOTO,OFFENCES AGAINST PROPERTY,BURGLARY,0
SOKOTO,OFFENCES AGAINST PROPERTY,HOUSE BREAKING,21
SOKOTO,OFFENCES AGAINST PROPERTY,STORE BREAKING,18
SOKOTO,OFFENCES AGAINST PROPERTY,FALSE PRETENCE & CHEATING/ FRAUD,124
SOKOTO,OFFENCES AGAINST PROPERTY,FORGERY,8
SOKOTO,OFFENCES AGAINST PROPERTY,RECEIVING STOLEN PROPERTY,38
SOKOTO,OFFENCES AGAINST PROPERTY,UNLAWFUL POSSESS,30
SOKOTO,OFFENCES AGAINST PROPERTY,ARSON,28
SOKOTO,OFFENCES AGAINST PROPERTY,OTHER OFFENCE AGAINST PROPERTY,302
TARABA,OFFENCES AGAINST PROPERTY,ARMED ROBBERY,51
TARABA,OFFENCES AGAINST PROPERTY,WOUNDING WITH MENACE,0
TARABA,OFFENCES AGAINST PROPERTY,THEFT /STEALING,521
TARABA,OFFENCES AGAINST PROPERTY,BURGLARY,1
TARABA,OFFENCES AGAINST PROPERTY,HOUSE BREAKING,64
TARABA,OFFENCES AGAINST PROPERTY,STORE BREAKING,19
TARABA,OFFENCES AGAINST PROPERTY,FALSE PRETENCE & CHEATING/ FRAUD,109
TARABA,OFFENCES AGAINST PROPERTY,FORGERY,3
TARABA,OFFENCES AGAINST PROPERTY,RECEIVING STOLEN PROPERTY,15
TARABA,OFFENCES AGAINST PROPERTY,UNLAWFUL POSSESS,14
TARABA,OFFENCES AGAINST PROPERTY,ARSON,25
TARABA,OFFENCES AGAINST PROPERTY,OTHER OFFENCE AGAINST PROPERTY,176
YOBE,OFFENCES AGAINST PROPERTY,ARMED ROBBERY,32
YOBE,OFFENCES AGAINST PROPERTY,WOUNDING WITH MENACE,0
YOBE,OFFENCES AGAINST PROPERTY,THEFT /STEALING,335
YOBE,OFFENCES AGAINST PROPERTY,BURGLARY,0
YOBE,OFFENCES AGAINST PROPERTY,HOUSE BREAKING,6
YOBE,OFFENCES AGAINST PROPERTY,STORE BREAKING,2
YOBE,OFFENCES AGAINST PROPERTY,FALSE PRETENCE & CHEATING/ FRAUD,45
YOBE,OFFENCES AGAINST PROPERTY,FORGERY,7
YOBE,OFFENCES AGAINST PROPERTY,RECEIVING STOLEN PROPERTY,3
YOBE,OFFENCES AGAINST PROPERTY,UNLAWFUL POSSESS,13
YOBE,OFFENCES AGAINST PROPERTY,ARSON,15
YOBE,OFFENCES AGAINST PROPERTY,OTHER OFFENCE AGAINST PROPERTY,77
ZAMFARA,OFFENCES AGAINST PROPERTY,ARMED ROBBERY,46
ZAMFARA,OFFENCES AGAINST PROPERTY,WOUNDING WITH MENACE,0
ZAMFARA,OFFENCES AGAINST PROPERTY,THEFT /STEALING,155
ZAMFARA,OFFENCES AGAINST PROPERTY,BURGLARY,0
ZAMFARA,OFFENCES AGAINST PROPERTY,HOUSE BREAKING,19
ZAMFARA,OFFENCES AGAINST PROPERTY,STORE BREAKING,2
ZAMFARA,OFFENCES AGAINST PROPERTY,FALSE PRETENCE & CHEATING/ FRAUD,21
ZAMFARA,OFFENCES AGAINST PROPERTY,FORGERY,1
ZAMFARA,OFFENCES AGAINST PROPERTY,RECEIVING STOLEN PROPERTY,29
ZAMFARA,OFFENCES AGAINST PROPERTY,UNLAWFUL POSSESS,6
ZAMFARA,OFFENCES AGAINST PROPERTY,ARSON,0
ZAMFARA,OFFENCES AGAINST PROPERTY,OTHER OFFENCE AGAINST PROPERTY,39
FEDERAL CAPITAL TERRITORY,OFFENCES AGAINST PERSONS,MURDER,91
FEDERAL CAPITAL TERRITORY,OFFENCES AGAINST PERSONS,MAN SLAUGHTER,3
FEDERAL CAPITAL TERRITORY,OFFENCES AGAINST PERSONS,ATTEMPTED MURDER,0
FEDERAL CAPITAL TERRITORY,OFFENCES AGAINST PERSONS,SUICIDE,2
FEDERAL CAPITAL TERRITORY,OFFENCES AGAINST PERSONS,ATTEMPTED SUICIDE,0
FEDERAL CAPITAL TERRITORY,OFFENCES AGAINST PERSONS,GRIEVIOUS HARM WOUNDING,429
FEDERAL CAPITAL TERRITORY,OFFENCES AGAINST PERSONS,ASSAULT,217
FEDERAL CAPITAL TERRITORY,OFFENCES AGAINST PERSONS,CHILD STEALING,3
FEDERAL CAPITAL TERRITORY,OFFENCES AGAINST PERSONS,SLAVE DEALING,0
FEDERAL CAPITAL TERRITORY,OFFENCES AGAINST PERSONS,RAPE & INDICENT ASSAULT,132
FEDERAL CAPITAL TERRITORY,OFFENCES AGAINST PERSONS,KIDNAPPING,49
FEDERAL CAPITAL TERRITORY,OFFENCES AGAINST PERSONS,UNNATURAL OFFENCE,41
FEDERAL CAPITAL TERRITORY,OFFENCES AGAINST PERSONS,OTHER OFFENCE AGAINST PERSONS,216
AKWA IBOM,OFFENCES AGAINST PERSONS,MURDER,81
AKWA IBOM,OFFENCES AGAINST PERSONS,MAN SLAUGHTER,5
AKWA IBOM,OFFENCES AGAINST PERSONS,ATTEMPTED MURDER,78
AKWA IBOM,OFFENCES AGAINST PERSONS,SUICIDE,0
AKWA IBOM,OFFENCES AGAINST PERSONS,ATTEMPTED SUICIDE,0
AKWA IBOM,OFFENCES AGAINST PERSONS,GRIEVIOUS HARM WOUNDING,41
AKWA IBOM,OFFENCES AGAINST PERSONS,ASSAULT,341
AKWA IBOM,OFFENCES AGAINST PERSONS,CHILD STEALING,52
AKWA IBOM,OFFENCES AGAINST PERSONS,SLAVE DEALING,6
AKWA IBOM,OFFENCES AGAINST PERSONS,RAPE & INDICENT ASSAULT,83
AKWA IBOM,OFFENCES AGAINST PERSONS,KIDNAPPING,11
AKWA IBOM,OFFENCES AGAINST PERSONS,UNNATURAL OFFENCE,4
AKWA IBOM,OFFENCES AGAINST PERSONS,OTHER OFFENCE AGAINST PERSONS,0
ANAMBRA,OFFENCES AGAINST PERSONS,MURDER,41
ANAMBRA,OFFENCES AGAINST PERSONS,MAN SLAUGHTER,0
ANAMBRA,OFFENCES AGAINST PERSONS,ATTEMPTED MURDER,0
ANAMBRA,OFFENCES AGAINST PERSONS,SUICIDE,2
ANAMBRA,OFFENCES AGAINST PERSONS,ATTEMPTED SUICIDE,0
ANAMBRA,OFFENCES AGAINST PERSONS,GRIEVIOUS HARM WOUNDING,84
ANAMBRA,OFFENCES AGAINST PERSONS,ASSAULT,0
ANAMBRA,OFFENCES AGAINST PERSONS,CHILD STEALING,0
ANAMBRA,OFFENCES AGAINST PERSONS,SLAVE DEALING,0
ANAMBRA,OFFENCES AGAINST PERSONS,RAPE & INDICENT ASSAULT,0
ANAMBRA,OFFENCES AGAINST PERSONS,KIDNAPPING,0
ANAMBRA,OFFENCES AGAINST PERSONS,UNNATURAL OFFENCE,0
ANAMBRA,OFFENCES AGAINST PERSONS,OTHER OFFENCE AGAINST PERSONS,0
ABIA,OFFENCES AGAINST PERSONS,MURDER,97
ABIA,OFFENCES AGAINST PERSONS,MAN SLAUGHTER,6
ABIA,OFFENCES AGAINST PERSONS,ATTEMPTED MURDER,69
ABIA,OFFENCES AGAINST PERSONS,SUICIDE,6
ABIA,OFFENCES AGAINST PERSONS,ATTEMPTED SUICIDE,0
ABIA,OFFENCES AGAINST PERSONS,GRIEVIOUS HARM WOUNDING,124
ABIA,OFFENCES AGAINST PERSONS,ASSAULT,8945
ABIA,OFFENCES AGAINST PERSONS,CHILD STEALING,68
ABIA,OFFENCES AGAINST PERSONS,SLAVE DEALING,0
ABIA,OFFENCES AGAINST PERSONS,RAPE & INDICENT ASSAULT,98
ABIA,OFFENCES AGAINST PERSONS,KIDNAPPING,104
ABIA,OFFENCES AGAINST PERSONS,UNNATURAL OFFENCE,182
ABIA,OFFENCES AGAINST PERSONS,OTHER OFFENCE AGAINST PERSONS,117
ADAMAWA,OFFENCES AGAINST PERSONS,MURDER,114
ADAMAWA,OFFENCES AGAINST PERSONS,MAN SLAUGHTER,0
ADAMAWA,OFFENCES AGAINST PERSONS,ATTEMPTED MURDER,89
ADAMAWA,OFFENCES AGAINST PERSONS,SUICIDE,4
ADAMAWA,OFFENCES AGAINST PERSONS,ATTEMPTED SUICIDE,0
ADAMAWA,OFFENCES AGAINST PERSONS,GRIEVIOUS HARM WOUNDING,126
ADAMAWA,OFFENCES AGAINST PERSONS,ASSAULT,68
ADAMAWA,OFFENCES AGAINST PERSONS,CHILD STEALING,0
ADAMAWA,OFFENCES AGAINST PERSONS,SLAVE DEALING,0
ADAMAWA,OFFENCES AGAINST PERSONS,RAPE & INDICENT ASSAULT,24
ADAMAWA,OFFENCES AGAINST PERSONS,KIDNAPPING,9
ADAMAWA,OFFENCES AGAINST PERSONS,UNNATURAL OFFENCE,5
ADAMAWA,OFFENCES AGAINST PERSONS,OTHER OFFENCE AGAINST PERSONS,372
BAUCHI,OFFENCES AGAINST PERSONS,MURDER,58
BAUCHI,OFFENCES AGAINST PERSONS,MAN SLAUGHTER,0
BAUCHI,OFFENCES AGAINST PERSONS,ATTEMPTED MURDER,1
BAUCHI,OFFENCES AGAINST PERSONS,SUICIDE,0
BAUCHI,OFFENCES AGAINST PERSONS,ATTEMPTED SUICIDE,0
BAUCHI,OFFENCES AGAINST PERSONS,GRIEVIOUS HARM WOUNDING,13
BAUCHI,OFFENCES AGAINST PERSONS,ASSAULT,3
BAUCHI,OFFENCES AGAINST PERSONS,CHILD STEALING,0
BAUCHI,OFFENCES AGAINST PERSONS,SLAVE DEALING,0
BAUCHI,OFFENCES AGAINST PERSONS,RAPE & INDICENT ASSAULT,33
BAUCHI,OFFENCES AGAINST PERSONS,KIDNAPPING,44
BAUCHI,OFFENCES AGAINST PERSONS,UNNATURAL OFFENCE,3
BAUCHI,OFFENCES AGAINST PERSONS,OTHER OFFENCE AGAINST PERSONS,41
BENUE,OFFENCES AGAINST PERSONS,MURDER,51
BENUE,OFFENCES AGAINST PERSONS,MAN SLAUGHTER,3
BENUE,OFFENCES AGAINST PERSONS,ATTEMPTED MURDER,6
BENUE,OFFENCES AGAINST PERSONS,SUICIDE,3
BENUE,OFFENCES AGAINST PERSONS,ATTEMPTED SUICIDE,2
BENUE,OFFENCES AGAINST PERSONS,GRIEVIOUS HARM WOUNDING,90
BENUE,OFFENCES AGAINST PERSONS,ASSAULT,76
BENUE,OFFENCES AGAINST PERSONS,CHILD STEALING,45
BENUE,OFFENCES AGAINST PERSONS,SLAVE DEALING,0
BENUE,OFFENCES AGAINST PERSONS,RAPE & INDICENT ASSAULT,23
BENUE,OFFENCES AGAINST PERSONS,KIDNAPPING,67
BENUE,OFFENCES AGAINST PERSONS,UNNATURAL OFFENCE,9
BENUE,OFFENCES AGAINST PERSONS,OTHER OFFENCE AGAINST PERSONS,56
BORNO,OFFENCES AGAINST PERSONS,MURDER,123
BORNO,OFFENCES AGAINST PERSONS,MAN SLAUGHTER,48
BORNO,OFFENCES AGAINST PERSONS,ATTEMPTED MURDER,12
BORNO,OFFENCES AGAINST PERSONS,SUICIDE,45
BORNO,OFFENCES AGAINST PERSONS,ATTEMPTED SUICIDE,3
BORNO,OFFENCES AGAINST PERSONS,GRIEVIOUS HARM WOUNDING,73
BORNO,OFFENCES AGAINST PERSONS,ASSAULT,39
BORNO,OFFENCES AGAINST PERSONS,CHILD STEALING,0
BORNO,OFFENCES AGAINST PERSONS,SLAVE DEALING,0
BORNO,OFFENCES AGAINST PERSONS,RAPE & INDICENT ASSAULT,97
BORNO,OFFENCES AGAINST PERSONS,KIDNAPPING,2
BORNO,OFFENCES AGAINST PERSONS,UNNATURAL OFFENCE,45
BORNO,OFFENCES AGAINST PERSONS,OTHER OFFENCE AGAINST PERSONS,194
BAYELSA,OFFENCES AGAINST PERSONS,MURDER,30
BAYELSA,OFFENCES AGAINST PERSONS,MAN SLAUGHTER,0
BAYELSA,OFFENCES AGAINST PERSONS,ATTEMPTED MURDER,19
BAYELSA,OFFENCES AGAINST PERSONS,SUICIDE,15
BAYELSA,OFFENCES AGAINST PERSONS,ATTEMPTED SUICIDE,1
BAYELSA,OFFENCES AGAINST PERSONS,GRIEVIOUS HARM WOUNDING,31
BAYELSA,OFFENCES AGAINST PERSONS,ASSAULT,187
BAYELSA,OFFENCES AGAINST PERSONS,CHILD STEALING,4
BAYELSA,OFFENCES AGAINST PERSONS,SLAVE DEALING,0
BAYELSA,OFFENCES AGAINST PERSONS,RAPE & INDICENT ASSAULT,88
BAYELSA,OFFENCES AGAINST PERSONS,KIDNAPPING,53
BAYELSA,OFFENCES AGAINST PERSONS,UNNATURAL OFFENCE,2
BAYELSA,OFFENCES AGAINST PERSONS,OTHER OFFENCE AGAINST PERSONS,182
CROSS RIVER,OFFENCES AGAINST PERSONS,MURDER,87
CROSS RIVER,OFFENCES AGAINST PERSONS,MAN SLAUGHTER,0
CROSS RIVER,OFFENCES AGAINST PERSONS,ATTEMPTED MURDER,22
CROSS RIVER,OFFENCES AGAINST PERSONS,SUICIDE,0
CROSS RIVER,OFFENCES AGAINST PERSONS,ATTEMPTED SUICIDE,0
CROSS RIVER,OFFENCES AGAINST PERSONS,GRIEVIOUS HARM WOUNDING,48
CROSS RIVER,OFFENCES AGAINST PERSONS,ASSAULT,347
CROSS RIVER,OFFENCES AGAINST PERSONS,CHILD STEALING,6
CROSS RIVER,OFFENCES AGAINST PERSONS,SLAVE DEALING,0
CROSS RIVER,OFFENCES AGAINST PERSONS,RAPE & INDICENT ASSAULT,65
CROSS RIVER,OFFENCES AGAINST PERSONS,KIDNAPPING,31
CROSS RIVER,OFFENCES AGAINST PERSONS,UNNATURAL OFFENCE,8
CROSS RIVER,OFFENCES AGAINST PERSONS,OTHER OFFENCE AGAINST PERSONS,335
DELTA STATE,OFFENCES AGAINST PERSONS,MURDER,117
DELTA STATE,OFFENCES AGAINST PERSONS,MAN SLAUGHTER,2
DELTA STATE,OFFENCES AGAINST PERSONS,ATTEMPTED MURDER,21
DELTA STATE,OFFENCES AGAINST PERSONS,SUICIDE,13
DELTA STATE,OFFENCES AGAINST PERSONS,ATTEMPTED SUICIDE,0
DELTA STATE,OFFENCES AGAINST PERSONS,GRIEVIOUS HARM WOUNDING,325
DELTA STATE,OFFENCES AGAINST PERSONS,ASSAULT,1895
DELTA STATE,OFFENCES AGAINST PERSONS,CHILD STEALING,9
DELTA STATE,OFFENCES AGAINST PERSONS,SLAVE DEALING,0
DELTA STATE,OFFENCES AGAINST PERSONS,RAPE & INDICENT ASSAULT,93
DELTA STATE,OFFENCES AGAINST PERSONS,KIDNAPPING,49
DELTA STATE,OFFENCES AGAINST PERSONS,UNNATURAL OFFENCE,141
DELTA STATE,OFFENCES AGAINST PERSONS,OTHER OFFENCE AGAINST PERSONS,645
EBONYI,OFFENCES AGAINST PERSONS,MURDER,204
EBONYI,OFFENCES AGAINST PERSONS,MAN SLAUGHTER,12
EBONYI,OFFENCES AGAINST PERSONS,ATTEMPTED MURDER,13
EBONYI,OFFENCES AGAINST PERSONS,SUICIDE,4
EBONYI,OFFENCES AGAINST PERSONS,ATTEMPTED SUICIDE,0
EBONYI,OFFENCES AGAINST PERSONS,GRIEVIOUS HARM WOUNDING,690
EBONYI,OFFENCES AGAINST PERSONS,ASSAULT,87
EBONYI,OFFENCES AGAINST PERSONS,CHILD STEALING,6
EBONYI,OFFENCES AGAINST PERSONS,SLAVE DEALING,0
EBONYI,OFFENCES AGAINST PERSONS,RAPE & INDICENT ASSAULT,44
EBONYI,OFFENCES AGAINST PERSONS,KIDNAPPING,98
EBONYI,OFFENCES AGAINST PERSONS,UNNATURAL OFFENCE,26
EBONYI,OFFENCES AGAINST PERSONS,OTHER OFFENCE AGAINST PERSONS,91
EDO,OFFENCES AGAINST PERSONS,MURDER,187
EDO,OFFENCES AGAINST PERSONS,MAN SLAUGHTER,5
EDO,OFFENCES AGAINST PERSONS,ATTEMPTED MURDER,98
EDO,OFFENCES AGAINST PERSONS,SUICIDE,3
EDO,OFFENCES AGAINST PERSONS,ATTEMPTED SUICIDE,54
EDO,OFFENCES AGAINST PERSONS,GRIEVIOUS HARM WOUNDING,178
EDO,OFFENCES AGAINST PERSONS,ASSAULT,3
EDO,OFFENCES AGAINST PERSONS,CHILD STEALING,8
EDO,OFFENCES AGAINST PERSONS,SLAVE DEALING,16
EDO,OFFENCES AGAINST PERSONS,RAPE & INDICENT ASSAULT,10
EDO,OFFENCES AGAINST PERSONS,KIDNAPPING,2
EDO,OFFENCES AGAINST PERSONS,UNNATURAL OFFENCE,85
EDO,OFFENCES AGAINST PERSONS,OTHER OFFENCE AGAINST PERSONS,80
ENUGU,OFFENCES AGAINST PERSONS,MURDER,40
ENUGU,OFFENCES AGAINST PERSONS,MAN SLAUGHTER,4
ENUGU,OFFENCES AGAINST PERSONS,ATTEMPTED MURDER,31
ENUGU,OFFENCES AGAINST PERSONS,SUICIDE,0
ENUGU,OFFENCES AGAINST PERSONS,ATTEMPTED SUICIDE,0
ENUGU,OFFENCES AGAINST PERSONS,GRIEVIOUS HARM WOUNDING,72
ENUGU,OFFENCES AGAINST PERSONS,ASSAULT,621
ENUGU,OFFENCES AGAINST PERSONS,CHILD STEALING,4
ENUGU,OFFENCES AGAINST PERSONS,SLAVE DEALING,0
ENUGU,OFFENCES AGAINST PERSONS,RAPE & INDICENT ASSAULT,32
ENUGU,OFFENCES AGAINST PERSONS,KIDNAPPING,25
ENUGU,OFFENCES AGAINST PERSONS,UNNATURAL OFFENCE,1
ENUGU,OFFENCES AGAINST PERSONS,OTHER OFFENCE AGAINST PERSONS,105
GOMBE,OFFENCES AGAINST PERSONS,MURDER,73
GOMBE,OFFENCES AGAINST PERSONS,MAN SLAUGHTER,0
GOMBE,OFFENCES AGAINST PERSONS,ATTEMPTED MURDER,1
GOMBE,OFFENCES AGAINST PERSONS,SUICIDE,1
GOMBE,OFFENCES AGAINST PERSONS,ATTEMPTED SUICIDE,2
GOMBE,OFFENCES AGAINST PERSONS,GRIEVIOUS HARM WOUNDING,111
GOMBE,OFFENCES AGAINST PERSONS,ASSAULT,44
GOMBE,OFFENCES AGAINST PERSONS,CHILD STEALING,0
GOMBE,OFFENCES AGAINST PERSONS,SLAVE DEALING,0
GOMBE,OFFENCES AGAINST PERSONS,RAPE & INDICENT ASSAULT,52
GOMBE,OFFENCES AGAINST PERSONS,KIDNAPPING,10
GOMBE,OFFENCES AGAINST PERSONS,UNNATURAL OFFENCE,4
GOMBE,OFFENCES AGAINST PERSONS,OTHER OFFENCE AGAINST PERSONS,110
EKITI,OFFENCES AGAINST PERSONS,MURDER,78
EKITI,OFFENCES AGAINST PERSONS,MAN SLAUGHTER,4
EKITI,OFFENCES AGAINST PERSONS,ATTEMPTED MURDER,78
EKITI,OFFENCES AGAINST PERSONS,SUICIDE,2
EKITI,OFFENCES AGAINST PERSONS,ATTEMPTED SUICIDE,8
EKITI,OFFENCES AGAINST PERSONS,GRIEVIOUS HARM WOUNDING,72
EKITI,OFFENCES AGAINST PERSONS,ASSAULT,11
EKITI,OFFENCES AGAINST PERSONS,CHILD STEALING,0
EKITI,OFFENCES AGAINST PERSONS,SLAVE DEALING,0
EKITI,OFFENCES AGAINST PERSONS,RAPE & INDICENT ASSAULT,51
EKITI,OFFENCES AGAINST PERSONS,KIDNAPPING,3
EKITI,OFFENCES AGAINST PERSONS,UNNATURAL OFFENCE,11
EKITI,OFFENCES AGAINST PERSONS,OTHER OFFENCE AGAINST PERSONS,109
IMO,OFFENCES AGAINST PERSONS,MURDER,52
IMO,OFFENCES AGAINST PERSONS,MAN SLAUGHTER,0
IMO,OFFENCES AGAINST PERSONS,ATTEMPTED MURDER,43
IMO,OFFENCES AGAINST PERSONS,SUICIDE,0
IMO,OFFENCES AGAINST PERSONS,ATTEMPTED SUICIDE,0
IMO,OFFENCES AGAINST PERSONS,GRIEVIOUS HARM WOUNDING,38
IMO,OFFENCES AGAINST PERSONS,ASSAULT,184
IMO,OFFENCES AGAINST PERSONS,CHILD STEALING,0
IMO,OFFENCES AGAINST PERSONS,SLAVE DEALING,0
IMO,OFFENCES AGAINST PERSONS,RAPE & INDICENT ASSAULT,23
IMO,OFFENCES AGAINST PERSONS,KIDNAPPING,33
IMO,OFFENCES AGAINST PERSONS,UNNATURAL OFFENCE,0
IMO,OFFENCES AGAINST PERSONS,OTHER OFFENCE AGAINST PERSONS,520
JIGAWA,OFFENCES AGAINST PERSONS,MURDER,62
JIGAWA,OFFENCES AGAINST PERSONS,MAN SLAUGHTER,0
JIGAWA,OFFENCES AGAINST PERSONS,ATTEMPTED MURDER,4
JIGAWA,OFFENCES AGAINST PERSONS,SUICIDE,2
JIGAWA,OFFENCES AGAINST PERSONS,ATTEMPTED SUICIDE,0
JIGAWA,OFFENCES AGAINST PERSONS,GRIEVIOUS HARM WOUNDING,56
JIGAWA,OFFENCES AGAINST PERSONS,ASSAULT,28
JIGAWA,OFFENCES AGAINST PERSONS,CHILD STEALING,0
JIGAWA,OFFENCES AGAINST PERSONS,SLAVE DEALING,0
JIGAWA,OFFENCES AGAINST PERSONS,RAPE & INDICENT ASSAULT,83
JIGAWA,OFFENCES AGAINST PERSONS,KIDNAPPING,5
JIGAWA,OFFENCES AGAINST PERSONS,UNNATURAL OFFENCE,15
JIGAWA,OFFENCES AGAINST PERSONS,OTHER OFFENCE AGAINST PERSONS,90
KADUNA,OFFENCES AGAINST PERSONS,MURDER,128
KADUNA,OFFENCES AGAINST PERSONS,MAN SLAUGHTER,0
KADUNA,OFFENCES AGAINST PERSONS,ATTEMPTED MURDER,0
KADUNA,OFFENCES AGAINST PERSONS,SUICIDE,0
KADUNA,OFFENCES AGAINST PERSONS,ATTEMPTED SUICIDE,0
KADUNA,OFFENCES AGAINST PERSONS,GRIEVIOUS HARM WOUNDING,47
KADUNA,OFFENCES AGAINST PERSONS,ASSAULT,26
KADUNA,OFFENCES AGAINST PERSONS,CHILD STEALING,0
KADUNA,OFFENCES AGAINST PERSONS,SLAVE DEALING,0
KADUNA,OFFENCES AGAINST PERSONS,RAPE & INDICENT ASSAULT,95
KADUNA,OFFENCES AGAINST PERSONS,KIDNAPPING,64
KADUNA,OFFENCES AGAINST PERSONS,UNNATURAL OFFENCE,25
KADUNA,OFFENCES AGAINST PERSONS,OTHER OFFENCE AGAINST PERSONS,0
KANO,OFFENCES AGAINST PERSONS,MURDER,124
KANO,OFFENCES AGAINST PERSONS,MAN SLAUGHTER,0
KANO,OFFENCES AGAINST PERSONS,ATTEMPTED MURDER,3
KANO,OFFENCES AGAINST PERSONS,SUICIDE,4
KANO,OFFENCES AGAINST PERSONS,ATTEMPTED SUICIDE,1
KANO,OFFENCES AGAINST PERSONS,GRIEVIOUS HARM WOUNDING,452
KANO,OFFENCES AGAINST PERSONS,ASSAULT,414
KANO,OFFENCES AGAINST PERSONS,CHILD STEALING,0
KANO,OFFENCES AGAINST PERSONS,SLAVE DEALING,0
KANO,OFFENCES AGAINST PERSONS,RAPE & INDICENT ASSAULT,237
KANO,OFFENCES AGAINST PERSONS,KIDNAPPING,43
KANO,OFFENCES AGAINST PERSONS,UNNATURAL OFFENCE,97
KANO,OFFENCES AGAINST PERSONS,OTHER OFFENCE AGAINST PERSONS,727
KATSINA,OFFENCES AGAINST PERSONS,MURDER,52
KATSINA,OFFENCES AGAINST PERSONS,MAN SLAUGHTER,5
KATSINA,OFFENCES AGAINST PERSONS,ATTEMPTED MURDER,25
KATSINA,OFFENCES AGAINST PERSONS,SUICIDE,23
KATSINA,OFFENCES AGAINST PERSONS,ATTEMPTED SUICIDE,2
KATSINA,OFFENCES AGAINST PERSONS,GRIEVIOUS HARM WOUNDING,22
KATSINA,OFFENCES AGAINST PERSONS,ASSAULT,150
KATSINA,OFFENCES AGAINST PERSONS,CHILD STEALING,15
KATSINA,OFFENCES AGAINST PERSONS,SLAVE DEALING,10
KATSINA,OFFENCES AGAINST PERSONS,RAPE & INDICENT ASSAULT,2
KATSINA,OFFENCES AGAINST PERSONS,KIDNAPPING,30
KATSINA,OFFENCES AGAINST PERSONS,UNNATURAL OFFENCE,58
KATSINA,OFFENCES AGAINST PERSONS,OTHER OFFENCE AGAINST PERSONS,208
KEBBI,OFFENCES AGAINST PERSONS,MURDER,55
KEBBI,OFFENCES AGAINST PERSONS,MAN SLAUGHTER,0
KEBBI,OFFENCES AGAINST PERSONS,ATTEMPTED MURDER,0
KEBBI,OFFENCES AGAINST PERSONS,SUICIDE,0
KEBBI,OFFENCES AGAINST PERSONS,ATTEMPTED SUICIDE,0
KEBBI,OFFENCES AGAINST PERSONS,GRIEVIOUS HARM WOUNDING,7
KEBBI,OFFENCES AGAINST PERSONS,ASSAULT,0
KEBBI,OFFENCES AGAINST PERSONS,CHILD STEALING,0
KEBBI,OFFENCES AGAINST PERSONS,SLAVE DEALING,0
KEBBI,OFFENCES AGAINST PERSONS,RAPE & INDICENT ASSAULT,15
KEBBI,OFFENCES AGAINST PERSONS,KIDNAPPING,8
KEBBI,OFFENCES AGAINST PERSONS,UNNATURAL OFFENCE,3
KEBBI,OFFENCES AGAINST PERSONS,OTHER OFFENCE AGAINST PERSONS,0
KOGI,OFFENCES AGAINST PERSONS,MURDER,76
KOGI,OFFENCES AGAINST PERSONS,MAN SLAUGHTER,0
KOGI,OFFENCES AGAINST PERSONS,ATTEMPTED MURDER,13
KOGI,OFFENCES AGAINST PERSONS,SUICIDE,0
KOGI,OFFENCES AGAINST PERSONS,ATTEMPTED SUICIDE,0
KOGI,OFFENCES AGAINST PERSONS,GRIEVIOUS HARM WOUNDING,0
KOGI,OFFENCES AGAINST PERSONS,ASSAULT,0
KOGI,OFFENCES AGAINST PERSONS,CHILD STEALING,0
KOGI,OFFENCES AGAINST PERSONS,SLAVE DEALING,0
KOGI,OFFENCES AGAINST PERSONS,RAPE & INDICENT ASSAULT,11
KOGI,OFFENCES AGAINST PERSONS,KIDNAPPING,46
KOGI,OFFENCES AGAINST PERSONS,UNNATURAL OFFENCE,0
KOGI,OFFENCES AGAINST PERSONS,OTHER OFFENCE AGAINST PERSONS,0
KWARA,OFFENCES AGAINST PERSONS,MURDER,78
KWARA,OFFENCES AGAINST PERSONS,MAN SLAUGHTER,0
KWARA,OFFENCES AGAINST PERSONS,ATTEMPTED MURDER,12
KWARA,OFFENCES AGAINST PERSONS,SUICIDE,3
KWARA,OFFENCES AGAINST PERSONS,ATTEMPTED SUICIDE,1
KWARA,OFFENCES AGAINST PERSONS,GRIEVIOUS HARM WOUNDING,47
KWARA,OFFENCES AGAINST PERSONS,ASSAULT,14
KWARA,OFFENCES AGAINST PERSONS,CHILD STEALING,3
KWARA,OFFENCES AGAINST PERSONS,SLAVE DEALING,8
KWARA,OFFENCES AGAINST PERSONS,RAPE & INDICENT ASSAULT,16
KWARA,OFFENCES AGAINST PERSONS,KIDNAPPING,10
KWARA,OFFENCES AGAINST PERSONS,UNNATURAL OFFENCE,2
KWARA,OFFENCES AGAINST PERSONS,OTHER OFFENCE AGAINST PERSONS,85
LAGOS STATE,OFFENCES AGAINST PERSONS,MURDER,216
LAGOS STATE,OFFENCES AGAINST PERSONS,MAN SLAUGHTER,11
LAGOS STATE,OFFENCES AGAINST PERSONS,ATTEMPTED MURDER,43
LAGOS STATE,OFFENCES AGAINST PERSONS,SUICIDE,47
LAGOS STATE,OFFENCES AGAINST PERSONS,ATTEMPTED SUICIDE,5
LAGOS STATE,OFFENCES AGAINST PERSONS,GRIEVIOUS HARM WOUNDING,6523
LAGOS STATE,OFFENCES AGAINST PERSONS,ASSAULT,8236
LAGOS STATE,OFFENCES AGAINST PERSONS,CHILD STEALING,65
LAGOS STATE,OFFENCES AGAINST PERSONS,SLAVE DEALING,41
LAGOS STATE,OFFENCES AGAINST PERSONS,RAPE & INDICENT ASSAULT,441
LAGOS STATE,OFFENCES AGAINST PERSONS,KIDNAPPING,98
LAGOS STATE,OFFENCES AGAINST PERSONS,UNNATURAL OFFENCE,269
LAGOS STATE,OFFENCES AGAINST PERSONS,OTHER OFFENCE AGAINST PERSONS,2931
NIGER,OFFENCES AGAINST PERSONS,MURDER,121
NIGER,OFFENCES AGAINST PERSONS,MAN SLAUGHTER,0
NIGER,OFFENCES AGAINST PERSONS,ATTEMPTED MURDER,3
NIGER,OFFENCES AGAINST PERSONS,SUICIDE,2
NIGER,OFFENCES AGAINST PERSONS,ATTEMPTED SUICIDE,1
NIGER,OFFENCES AGAINST PERSONS,GRIEVIOUS HARM WOUNDING,95
NIGER,OFFENCES AGAINST PERSONS,ASSAULT,65
NIGER,OFFENCES AGAINST PERSONS,CHILD STEALING,1
NIGER,OFFENCES AGAINST PERSONS,SLAVE DEALING,0
NIGER,OFFENCES AGAINST PERSONS,RAPE & INDICENT ASSAULT,41
NIGER,OFFENCES AGAINST PERSONS,KIDNAPPING,30
NIGER,OFFENCES AGAINST PERSONS,UNNATURAL OFFENCE,8
NIGER,OFFENCES AGAINST PERSONS,OTHER OFFENCE AGAINST PERSONS,197
NASARAWA,OFFENCES AGAINST PERSONS,MURDER,51
NASARAWA,OFFENCES AGAINST PERSONS,MAN SLAUGHTER,0
NASARAWA,OFFENCES AGAINST PERSONS,ATTEMPTED MURDER,10
NASARAWA,OFFENCES AGAINST PERSONS,SUICIDE,3
NASARAWA,OFFENCES AGAINST PERSONS,ATTEMPTED SUICIDE,0
NASARAWA,OFFENCES AGAINST PERSONS,GRIEVIOUS HARM WOUNDING,162
NASARAWA,OFFENCES AGAINST PERSONS,ASSAULT,112
NASARAWA,OFFENCES AGAINST PERSONS,CHILD STEALING,0
NASARAWA,OFFENCES AGAINST PERSONS,SLAVE DEALING,0
NASARAWA,OFFENCES AGAINST PERSONS,RAPE & INDICENT ASSAULT,31
NASARAWA,OFFENCES AGAINST PERSONS,KIDNAPPING,10
NASARAWA,OFFENCES AGAINST PERSONS,UNNATURAL OFFENCE,5
NASARAWA,OFFENCES AGAINST PERSONS,OTHER OFFENCE AGAINST PERSONS,82
OGUN,OFFENCES AGAINST PERSONS,MURDER,105
OGUN,OFFENCES AGAINST PERSONS,MAN SLAUGHTER,0
OGUN,OFFENCES AGAINST PERSONS,ATTEMPTED MURDER,14
OGUN,OFFENCES AGAINST PERSONS,SUICIDE,20
OGUN,OFFENCES AGAINST PERSONS,ATTEMPTED SUICIDE,4
OGUN,OFFENCES AGAINST PERSONS,GRIEVIOUS HARM WOUNDING,88
OGUN,OFFENCES AGAINST PERSONS,ASSAULT,150
OGUN,OFFENCES AGAINST PERSONS,CHILD STEALING,4
OGUN,OFFENCES AGAINST PERSONS,SLAVE DEALING,0
OGUN,OFFENCES AGAINST PERSONS,RAPE & INDICENT ASSAULT,43
OGUN,OFFENCES AGAINST PERSONS,KIDNAPPING,15
OGUN,OFFENCES AGAINST PERSONS,UNNATURAL OFFENCE,7
OGUN,OFFENCES AGAINST PERSONS,OTHER OFFENCE AGAINST PERSONS,68
ONDO,OFFENCES AGAINST PERSONS,MURDER,108
ONDO,OFFENCES AGAINST PERSONS,MAN SLAUGHTER,0
ONDO,OFFENCES AGAINST PERSONS,ATTEMPTED MURDER,17
ONDO,OFFENCES AGAINST PERSONS,SUICIDE,0
ONDO,OFFENCES AGAINST PERSONS,ATTEMPTED SUICIDE,0
ONDO,OFFENCES AGAINST PERSONS,GRIEVIOUS HARM WOUNDING,107
ONDO,OFFENCES AGAINST PERSONS,ASSAULT,686
ONDO,OFFENCES AGAINST PERSONS,CHILD STEALING,12
ONDO,OFFENCES AGAINST PERSONS,SLAVE DEALING,0
ONDO,OFFENCES AGAINST PERSONS,RAPE & INDICENT ASSAULT,27
ONDO,OFFENCES AGAINST PERSONS,KIDNAPPING,22
ONDO,OFFENCES AGAINST PERSONS,UNNATURAL OFFENCE,2
ONDO,OFFENCES AGAINST PERSONS,OTHER OFFENCE AGAINST PERSONS,301
OYO,OFFENCES AGAINST PERSONS,MURDER,30
OYO,OFFENCES AGAINST PERSONS,MAN SLAUGHTER,0
OYO,OFFENCES AGAINST PERSONS,ATTEMPTED MURDER,1
OYO,OFFENCES AGAINST PERSONS,SUICIDE,10
OYO,OFFENCES AGAINST PERSONS,ATTEMPTED SUICIDE,0
OYO,OFFENCES AGAINST PERSONS,GRIEVIOUS HARM WOUNDING,246
OYO,OFFENCES AGAINST PERSONS,ASSAULT,660
OYO,OFFENCES AGAINST PERSONS,CHILD STEALING,8
OYO,OFFENCES AGAINST PERSONS,SLAVE DEALING,2
OYO,OFFENCES AGAINST PERSONS,RAPE & INDICENT ASSAULT,83
OYO,OFFENCES AGAINST PERSONS,KIDNAPPING,2
OYO,OFFENCES AGAINST PERSONS,UNNATURAL OFFENCE,16
OYO,OFFENCES AGAINST PERSONS,OTHER OFFENCE AGAINST PERSONS,0
OSUN,OFFENCES AGAINST PERSONS,MURDER,25
OSUN,OFFENCES AGAINST PERSONS,MAN SLAUGHTER,0
OSUN,OFFENCES AGAINST PERSONS,ATTEMPTED MURDER,14
OSUN,OFFENCES AGAINST PERSONS,SUICIDE,2
OSUN,OFFENCES AGAINST PERSONS,ATTEMPTED SUICIDE,0
OSUN,OFFENCES AGAINST PERSONS,GRIEVIOUS HARM WOUNDING,88
OSUN,OFFENCES AGAINST PERSONS,ASSAULT,144
OSUN,OFFENCES AGAINST PERSONS,CHILD STEALING,1
OSUN,OFFENCES AGAINST PERSONS,SLAVE DEALING,1
OSUN,OFFENCES AGAINST PERSONS,RAPE & INDICENT ASSAULT,2
OSUN,OFFENCES AGAINST PERSONS,KIDNAPPING,15
OSUN,OFFENCES AGAINST PERSONS,UNNATURAL OFFENCE,7
OSUN,OFFENCES AGAINST PERSONS,OTHER OFFENCE AGAINST PERSONS,19
PLATEAU,OFFENCES AGAINST PERSONS,MURDER,71
PLATEAU,OFFENCES AGAINST PERSONS,MAN SLAUGHTER,1
PLATEAU,OFFENCES AGAINST PERSONS,ATTEMPTED MURDER,5
PLATEAU,OFFENCES AGAINST PERSONS,SUICIDE,6
PLATEAU,OFFENCES AGAINST PERSONS,ATTEMPTED SUICIDE,0
PLATEAU,OFFENCES AGAINST PERSONS,GRIEVIOUS HARM WOUNDING,236
PLATEAU,OFFENCES AGAINST PERSONS,ASSAULT,68
PLATEAU,OFFENCES AGAINST PERSONS,CHILD STEALING,0
PLATEAU,OFFENCES AGAINST PERSONS,SLAVE DEALING,0
PLATEAU,OFFENCES AGAINST PERSONS,RAPE & INDICENT ASSAULT,66
PLATEAU,OFFENCES AGAINST PERSONS,KIDNAPPING,10
PLATEAU,OFFENCES AGAINST PERSONS,UNNATURAL OFFENCE,8
PLATEAU,OFFENCES AGAINST PERSONS,OTHER OFFENCE AGAINST PERSONS,265
RIVERS,OFFENCES AGAINST PERSONS,MURDER,67
RIVERS,OFFENCES AGAINST PERSONS,MAN SLAUGHTER,10
RIVERS,OFFENCES AGAINST PERSONS,ATTEMPTED MURDER,3
RIVERS,OFFENCES AGAINST PERSONS,SUICIDE,105
RIVERS,OFFENCES AGAINST PERSONS,ATTEMPTED SUICIDE,112
RIVERS,OFFENCES AGAINST PERSONS,GRIEVIOUS HARM WOUNDING,0
RIVERS,OFFENCES AGAINST PERSONS,ASSAULT,0
RIVERS,OFFENCES AGAINST PERSONS,CHILD STEALING,31
RIVERS,OFFENCES AGAINST PERSONS,SLAVE DEALING,23
RIVERS,OFFENCES AGAINST PERSONS,RAPE & INDICENT ASSAULT,5
RIVERS,OFFENCES AGAINST PERSONS,KIDNAPPING,82
RIVERS,OFFENCES AGAINST PERSONS,UNNATURAL OFFENCE,29
RIVERS,OFFENCES AGAINST PERSONS,OTHER OFFENCE AGAINST PERSONS,0
SOKOTO,OFFENCES AGAINST PERSONS,MURDER,55
SOKOTO,OFFENCES AGAINST PERSONS,MAN SLAUGHTER,0
SOKOTO,OFFENCES AGAINST PERSONS,ATTEMPTED MURDER,4
SOKOTO,OFFENCES AGAINST PERSONS,SUICIDE,4
SOKOTO,OFFENCES AGAINST PERSONS,ATTEMPTED SUICIDE,0
SOKOTO,OFFENCES AGAINST PERSONS,GRIEVIOUS HARM WOUNDING,206
SOKOTO,OFFENCES AGAINST PERSONS,ASSAULT,115
SOKOTO,OFFENCES AGAINST PERSONS,CHILD STEALING,0
SOKOTO,OFFENCES AGAINST PERSONS,SLAVE DEALING,0
SOKOTO,OFFENCES AGAINST PERSONS,RAPE & INDICENT ASSAULT,28
SOKOTO,OFFENCES AGAINST PERSONS,KIDNAPPING,27
SOKOTO,OFFENCES AGAINST PERSONS,UNNATURAL OFFENCE,12
SOKOTO,OFFENCES AGAINST PERSONS,OTHER OFFENCE AGAINST PERSONS,315
TARABA,OFFENCES AGAINST PERSONS,MURDER,115
TARABA,OFFENCES AGAINST PERSONS,MAN SLAUGHTER,0
TARABA,OFFENCES AGAINST PERSONS,ATTEMPTED MURDER,0
TARABA,OFFENCES AGAINST PERSONS,SUICIDE,1
TARABA,OFFENCES AGAINST PERSONS,ATTEMPTED SUICIDE,0
TARABA,OFFENCES AGAINST PERSONS,GRIEVIOUS HARM WOUNDING,158
TARABA,OFFENCES AGAINST PERSONS,ASSAULT,54
TARABA,OFFENCES AGAINST PERSONS,CHILD STEALING,0
TARABA,OFFENCES AGAINST PERSONS,SLAVE DEALING,0
TARABA,OFFENCES AGAINST PERSONS,RAPE & INDICENT ASSAULT,30
TARABA,OFFENCES AGAINST PERSONS,KIDNAPPING,14
TARABA,OFFENCES AGAINST PERSONS,UNNATURAL OFFENCE,2
TARABA,OFFENCES AGAINST PERSONS,OTHER OFFENCE AGAINST PERSONS,176
YOBE,OFFENCES AGAINST PERSONS,MURDER,110
YOBE,OFFENCES AGAINST PERSONS,MAN SLAUGHTER,0
YOBE,OFFENCES AGAINST PERSONS,ATTEMPTED MURDER,0
YOBE,OFFENCES AGAINST PERSONS,SUICIDE,0
YOBE,OFFENCES AGAINST PERSONS,ATTEMPTED SUICIDE,0
YOBE,OFFENCES AGAINST PERSONS,GRIEVIOUS HARM WOUNDING,72
YOBE,OFFENCES AGAINST PERSONS,ASSAULT,11
YOBE,OFFENCES AGAINST PERSONS,CHILD STEALING,0
YOBE,OFFENCES AGAINST PERSONS,SLAVE DEALING,0
YOBE,OFFENCES AGAINST PERSONS,RAPE & INDICENT ASSAULT,51
YOBE,OFFENCES AGAINST PERSONS,KIDNAPPING,3
YOBE,OFFENCES AGAINST PERSONS,UNNATURAL OFFENCE,11
YOBE,OFFENCES AGAINST PERSONS,OTHER OFFENCE AGAINST PERSONS,109
ZAMFARA,OFFENCES AGAINST PERSONS,MURDER,44
ZAMFARA,OFFENCES AGAINST PERSONS,MAN SLAUGHTER,0
ZAMFARA,OFFENCES AGAINST PERSONS,ATTEMPTED MURDER,19
ZAMFARA,OFFENCES AGAINST PERSONS,SUICIDE,0
ZAMFARA,OFFENCES AGAINST PERSONS,ATTEMPTED SUICIDE,0
ZAMFARA,OFFENCES AGAINST PERSONS,GRIEVIOUS HARM WOUNDING,34
ZAMFARA,OFFENCES AGAINST PERSONS,ASSAULT,21
ZAMFARA,OFFENCES AGAINST PERSONS,CHILD STEALING,0
ZAMFARA,OFFENCES AGAINST PERSONS,SLAVE DEALING,0
ZAMFARA,OFFENCES AGAINST PERSONS,RAPE & INDICENT ASSAULT,23
ZAMFARA,OFFENCES AGAINST PERSONS,KIDNAPPING,9
ZAMFARA,OFFENCES AGAINST PERSONS,UNNATURAL OFFENCE,10
ZAMFARA,OFFENCES AGAINST PERSONS,OTHER OFFENCE AGAINST PERSONS,9
FEDERAL CAPITAL TERRITORY,OFFENCES AGAINST LAWFUL AUTH,FORGERY OF CURRENCY,0
FEDERAL CAPITAL TERRITORY,OFFENCES AGAINST LAWFUL AUTH,COINING OFFENCE,0
FEDERAL CAPITAL TERRITORY,OFFENCES AGAINST LAWFUL AUTH,GAMBLING,0
FEDERAL CAPITAL TERRITORY,OFFENCES AGAINST LAWFUL AUTH,BREACH OF PEACE,11
FEDERAL CAPITAL TERRITORY,OFFENCES AGAINST LAWFUL AUTH,PERJURY,0
FEDERAL CAPITAL TERRITORY,OFFENCES AGAINST LAWFUL AUTH,BRIBERY & CORRUPTION,0
FEDERAL CAPITAL TERRITORY,OFFENCES AGAINST LAWFUL AUTH,ESCAPE FROM CUSTODY,0
FEDERAL CAPITAL TERRITORY,OFFENCES AGAINST LAWFUL AUTH,OTHER OFFENCE AGAINST LAWFUL AUTH,28
AKWA IBOM,OFFENCES AGAINST LAWFUL AUTH,FORGERY OF CURRENCY,3
AKWA IBOM,OFFENCES AGAINST LAWFUL AUTH,COINING OFFENCE,0
AKWA IBOM,OFFENCES AGAINST LAWFUL AUTH,GAMBLING,4
AKWA IBOM,OFFENCES AGAINST LAWFUL AUTH,BREACH OF PEACE,366
AKWA IBOM,OFFENCES AGAINST LAWFUL AUTH,PERJURY,2
AKWA IBOM,OFFENCES AGAINST LAWFUL AUTH,BRIBERY & CORRUPTION,0
AKWA IBOM,OFFENCES AGAINST LAWFUL AUTH,ESCAPE FROM CUSTODY,3
AKWA IBOM,OFFENCES AGAINST LAWFUL AUTH,OTHER OFFENCE AGAINST LAWFUL AUTH,0
ANAMBRA,OFFENCES AGAINST LAWFUL AUTH,FORGERY OF CURRENCY,1
ANAMBRA,OFFENCES AGAINST LAWFUL AUTH,COINING OFFENCE,2
ANAMBRA,OFFENCES AGAINST LAWFUL AUTH,GAMBLING,0
ANAMBRA,OFFENCES AGAINST LAWFUL AUTH,BREACH OF PEACE,537
ANAMBRA,OFFENCES AGAINST LAWFUL AUTH,PERJURY,0
ANAMBRA,OFFENCES AGAINST LAWFUL AUTH,BRIBERY & CORRUPTION,0
ANAMBRA,OFFENCES AGAINST LAWFUL AUTH,ESCAPE FROM CUSTODY,9
ANAMBRA,OFFENCES AGAINST LAWFUL AUTH,OTHER OFFENCE AGAINST LAWFUL AUTH,182
ABIA,OFFENCES AGAINST LAWFUL AUTH,FORGERY OF CURRENCY,4
ABIA,OFFENCES AGAINST LAWFUL AUTH,COINING OFFENCE,0
ABIA,OFFENCES AGAINST LAWFUL AUTH,GAMBLING,4
ABIA,OFFENCES AGAINST LAWFUL AUTH,BREACH OF PEACE,243
ABIA,OFFENCES AGAINST LAWFUL AUTH,PERJURY,4
ABIA,OFFENCES AGAINST LAWFUL AUTH,BRIBERY & CORRUPTION,0
ABIA,OFFENCES AGAINST LAWFUL AUTH,ESCAPE FROM CUSTODY,6
ABIA,OFFENCES AGAINST LAWFUL AUTH,OTHER OFFENCE AGAINST LAWFUL AUTH,11
ADAMAWA,OFFENCES AGAINST LAWFUL AUTH,FORGERY OF CURRENCY,0
ADAMAWA,OFFENCES AGAINST LAWFUL AUTH,COINING OFFENCE,0
ADAMAWA,OFFENCES AGAINST LAWFUL AUTH,GAMBLING,0
ADAMAWA,OFFENCES AGAINST LAWFUL AUTH,BREACH OF PEACE,37
ADAMAWA,OFFENCES AGAINST LAWFUL AUTH,PERJURY,0
ADAMAWA,OFFENCES AGAINST LAWFUL AUTH,BRIBERY & CORRUPTION,0
ADAMAWA,OFFENCES AGAINST LAWFUL AUTH,ESCAPE FROM CUSTODY,6
ADAMAWA,OFFENCES AGAINST LAWFUL AUTH,OTHER OFFENCE AGAINST LAWFUL AUTH,9
BAUCHI,OFFENCES AGAINST LAWFUL AUTH,FORGERY OF CURRENCY,4
BAUCHI,OFFENCES AGAINST LAWFUL AUTH,COINING OFFENCE,0
BAUCHI,OFFENCES AGAINST LAWFUL AUTH,GAMBLING,0
BAUCHI,OFFENCES AGAINST LAWFUL AUTH,BREACH OF PEACE,0
BAUCHI,OFFENCES AGAINST LAWFUL AUTH,PERJURY,0
BAUCHI,OFFENCES AGAINST LAWFUL AUTH,BRIBERY & CORRUPTION,0
BAUCHI,OFFENCES AGAINST LAWFUL AUTH,ESCAPE FROM CUSTODY,0
BAUCHI,OFFENCES AGAINST LAWFUL AUTH,OTHER OFFENCE AGAINST LAWFUL AUTH,0
BENUE,OFFENCES AGAINST LAWFUL AUTH,FORGERY OF CURRENCY,11
BENUE,OFFENCES AGAINST LAWFUL AUTH,COINING OFFENCE,0
BENUE,OFFENCES AGAINST LAWFUL AUTH,GAMBLING,6
BENUE,OFFENCES AGAINST LAWFUL AUTH,BREACH OF PEACE,64
BENUE,OFFENCES AGAINST LAWFUL AUTH,PERJURY,1
BENUE,OFFENCES AGAINST LAWFUL AUTH,BRIBERY & CORRUPTION,0
BENUE,OFFENCES AGAINST LAWFUL AUTH,ESCAPE FROM CUSTODY,5
BENUE,OFFENCES AGAINST LAWFUL AUTH,OTHER OFFENCE AGAINST LAWFUL AUTH,23
BORNO,OFFENCES AGAINST LAWFUL AUTH,FORGERY OF CURRENCY,2
BORNO,OFFENCES AGAINST LAWFUL AUTH,COINING OFFENCE,0
BORNO,OFFENCES AGAINST LAWFUL AUTH,GAMBLING,0
BORNO,OFFENCES AGAINST LAWFUL AUTH,BREACH OF PEACE,1
BORNO,OFFENCES AGAINST LAWFUL AUTH,PERJURY,0
BORNO,OFFENCES AGAINST LAWFUL AUTH,BRIBERY & CORRUPTION,0
BORNO,OFFENCES AGAINST LAWFUL AUTH,ESCAPE FROM CUSTODY,0
BORNO,OFFENCES AGAINST LAWFUL AUTH,OTHER OFFENCE AGAINST LAWFUL AUTH,0
BAYELSA,OFFENCES AGAINST LAWFUL AUTH,FORGERY OF CURRENCY,1
BAYELSA,OFFENCES AGAINST LAWFUL AUTH,COINING OFFENCE,0
BAYELSA,OFFENCES AGAINST LAWFUL AUTH,GAMBLING,0
BAYELSA,OFFENCES AGAINST LAWFUL AUTH,BREACH OF PEACE,87
BAYELSA,OFFENCES AGAINST LAWFUL AUTH,PERJURY,1
BAYELSA,OFFENCES AGAINST LAWFUL AUTH,BRIBERY & CORRUPTION,0
BAYELSA,OFFENCES AGAINST LAWFUL AUTH,ESCAPE FROM CUSTODY,2
BAYELSA,OFFENCES AGAINST LAWFUL AUTH,OTHER OFFENCE AGAINST LAWFUL AUTH,0
CROSS RIVER,OFFENCES AGAINST LAWFUL AUTH,FORGERY OF CURRENCY,0
CROSS RIVER,OFFENCES AGAINST LAWFUL AUTH,COINING OFFENCE,0
CROSS RIVER,OFFENCES AGAINST LAWFUL AUTH,GAMBLING,0
CROSS RIVER,OFFENCES AGAINST LAWFUL AUTH,BREACH OF PEACE,49
CROSS RIVER,OFFENCES AGAINST LAWFUL AUTH,PERJURY,0
CROSS RIVER,OFFENCES AGAINST LAWFUL AUTH,BRIBERY & CORRUPTION,0
CROSS RIVER,OFFENCES AGAINST LAWFUL AUTH,ESCAPE FROM CUSTODY,1
CROSS RIVER,OFFENCES AGAINST LAWFUL AUTH,OTHER OFFENCE AGAINST LAWFUL AUTH,6
DELTA STATE,OFFENCES AGAINST LAWFUL AUTH,FORGERY OF CURRENCY,1
DELTA STATE,OFFENCES AGAINST LAWFUL AUTH,COINING OFFENCE,2
DELTA STATE,OFFENCES AGAINST LAWFUL AUTH,GAMBLING,0
DELTA STATE,OFFENCES AGAINST LAWFUL AUTH,BREACH OF PEACE,537
DELTA STATE,OFFENCES AGAINST LAWFUL AUTH,PERJURY,0
DELTA STATE,OFFENCES AGAINST LAWFUL AUTH,BRIBERY & CORRUPTION,0
DELTA STATE,OFFENCES AGAINST LAWFUL AUTH,ESCAPE FROM CUSTODY,9
DELTA STATE,OFFENCES AGAINST LAWFUL AUTH,OTHER OFFENCE AGAINST LAWFUL AUTH,182
EBONYI,OFFENCES AGAINST LAWFUL AUTH,FORGERY OF CURRENCY,23
EBONYI,OFFENCES AGAINST LAWFUL AUTH,COINING OFFENCE,13
EBONYI,OFFENCES AGAINST LAWFUL AUTH,GAMBLING,72
EBONYI,OFFENCES AGAINST LAWFUL AUTH,BREACH OF PEACE,6
EBONYI,OFFENCES AGAINST LAWFUL AUTH,PERJURY,3
EBONYI,OFFENCES AGAINST LAWFUL AUTH,BRIBERY & CORRUPTION,0
EBONYI,OFFENCES AGAINST LAWFUL AUTH,ESCAPE FROM CUSTODY,1
EBONYI,OFFENCES AGAINST LAWFUL AUTH,OTHER OFFENCE AGAINST LAWFUL AUTH,34
EDO,OFFENCES AGAINST LAWFUL AUTH,FORGERY OF CURRENCY,0
EDO,OFFENCES AGAINST LAWFUL AUTH,COINING OFFENCE,4
EDO,OFFENCES AGAINST LAWFUL AUTH,GAMBLING,243
EDO,OFFENCES AGAINST LAWFUL AUTH,BREACH OF PEACE,2
EDO,OFFENCES AGAINST LAWFUL AUTH,PERJURY,0
EDO,OFFENCES AGAINST LAWFUL AUTH,BRIBERY & CORRUPTION,6
EDO,OFFENCES AGAINST LAWFUL AUTH,ESCAPE FROM CUSTODY,11
EDO,OFFENCES AGAINST LAWFUL AUTH,OTHER OFFENCE AGAINST LAWFUL AUTH,41
ENUGU,OFFENCES AGAINST LAWFUL AUTH,FORGERY OF CURRENCY,0
ENUGU,OFFENCES AGAINST LAWFUL AUTH,COINING OFFENCE,0
ENUGU,OFFENCES AGAINST LAWFUL AUTH,GAMBLING,0
ENUGU,OFFENCES AGAINST LAWFUL AUTH,BREACH OF PEACE,125
ENUGU,OFFENCES AGAINST LAWFUL AUTH,PERJURY,0
ENUGU,OFFENCES AGAINST LAWFUL AUTH,BRIBERY & CORRUPTION,0
ENUGU,OFFENCES AGAINST LAWFUL AUTH,ESCAPE FROM CUSTODY,0
ENUGU,OFFENCES AGAINST LAWFUL AUTH,OTHER OFFENCE AGAINST LAWFUL AUTH,0
GOMBE,OFFENCES AGAINST LAWFUL AUTH,FORGERY OF CURRENCY,13
GOMBE,OFFENCES AGAINST LAWFUL AUTH,COINING OFFENCE,0
GOMBE,OFFENCES AGAINST LAWFUL AUTH,GAMBLING,1
GOMBE,OFFENCES AGAINST LAWFUL AUTH,BREACH OF PEACE,4
GOMBE,OFFENCES AGAINST LAWFUL AUTH,PERJURY,0
GOMBE,OFFENCES AGAINST LAWFUL AUTH,BRIBERY & CORRUPTION,0
GOMBE,OFFENCES AGAINST LAWFUL AUTH,ESCAPE FROM CUSTODY,1
GOMBE,OFFENCES AGAINST LAWFUL AUTH,OTHER OFFENCE AGAINST LAWFUL AUTH,14
EKITI,OFFENCES AGAINST LAWFUL AUTH,FORGERY OF CURRENCY,0
EKITI,OFFENCES AGAINST LAWFUL AUTH,COINING OFFENCE,0
EKITI,OFFENCES AGAINST LAWFUL AUTH,GAMBLING,0
EKITI,OFFENCES AGAINST LAWFUL AUTH,BREACH OF PEACE,0
EKITI,OFFENCES AGAINST LAWFUL AUTH,PERJURY,0
EKITI,OFFENCES AGAINST LAWFUL AUTH,BRIBERY & CORRUPTION,0
EKITI,OFFENCES AGAINST LAWFUL AUTH,ESCAPE FROM CUSTODY,0
EKITI,OFFENCES AGAINST LAWFUL AUTH,OTHER OFFENCE AGAINST LAWFUL AUTH,0
IMO,OFFENCES AGAINST LAWFUL AUTH,FORGERY OF CURRENCY,0
IMO,OFFENCES AGAINST LAWFUL AUTH,COINING OFFENCE,0
IMO,OFFENCES AGAINST LAWFUL AUTH,GAMBLING,0
IMO,OFFENCES AGAINST LAWFUL AUTH,BREACH OF PEACE,80
IMO,OFFENCES AGAINST LAWFUL AUTH,PERJURY,0
IMO,OFFENCES AGAINST LAWFUL AUTH,BRIBERY & CORRUPTION,0
IMO,OFFENCES AGAINST LAWFUL AUTH,ESCAPE FROM CUSTODY,0
IMO,OFFENCES AGAINST LAWFUL AUTH,OTHER OFFENCE AGAINST LAWFUL AUTH,0
JIGAWA,OFFENCES AGAINST LAWFUL AUTH,FORGERY OF CURRENCY,0
JIGAWA,OFFENCES AGAINST LAWFUL AUTH,COINING OFFENCE,5
JIGAWA,OFFENCES AGAINST LAWFUL AUTH,GAMBLING,5
JIGAWA,OFFENCES AGAINST LAWFUL AUTH,BREACH OF PEACE,20
JIGAWA,OFFENCES AGAINST LAWFUL AUTH,PERJURY,0
JIGAWA,OFFENCES AGAINST LAWFUL AUTH,BRIBERY & CORRUPTION,0
JIGAWA,OFFENCES AGAINST LAWFUL AUTH,ESCAPE FROM CUSTODY,2
JIGAWA,OFFENCES AGAINST LAWFUL AUTH,OTHER OFFENCE AGAINST LAWFUL AUTH,15
KADUNA,OFFENCES AGAINST LAWFUL AUTH,FORGERY OF CURRENCY,0
KADUNA,OFFENCES AGAINST LAWFUL AUTH,COINING OFFENCE,0
KADUNA,OFFENCES AGAINST LAWFUL AUTH,GAMBLING,2
KADUNA,OFFENCES AGAINST LAWFUL AUTH,BREACH OF PEACE,0
KADUNA,OFFENCES AGAINST LAWFUL AUTH,PERJURY,0
KADUNA,OFFENCES AGAINST LAWFUL AUTH,BRIBERY & CORRUPTION,0
KADUNA,OFFENCES AGAINST LAWFUL AUTH,ESCAPE FROM CUSTODY,2
KADUNA,OFFENCES AGAINST LAWFUL AUTH,OTHER OFFENCE AGAINST LAWFUL AUTH,0
KANO,OFFENCES AGAINST LAWFUL AUTH,FORGERY OF CURRENCY,5
KANO,OFFENCES AGAINST LAWFUL AUTH,COINING OFFENCE,3
KANO,OFFENCES AGAINST LAWFUL AUTH,GAMBLING,56
KANO,OFFENCES AGAINST LAWFUL AUTH,BREACH OF PEACE,183
KANO,OFFENCES AGAINST LAWFUL AUTH,PERJURY,0
KANO,OFFENCES AGAINST LAWFUL AUTH,BRIBERY & CORRUPTION,0
KANO,OFFENCES AGAINST LAWFUL AUTH,ESCAPE FROM CUSTODY,4
KANO,OFFENCES AGAINST LAWFUL AUTH,OTHER OFFENCE AGAINST LAWFUL AUTH,38
KATSINA,OFFENCES AGAINST LAWFUL AUTH,FORGERY OF CURRENCY,1
KATSINA,OFFENCES AGAINST LAWFUL AUTH,COINING OFFENCE,0
KATSINA,OFFENCES AGAINST LAWFUL AUTH,GAMBLING,0
KATSINA,OFFENCES AGAINST LAWFUL AUTH,BREACH OF PEACE,5
KATSINA,OFFENCES AGAINST LAWFUL AUTH,PERJURY,0
KATSINA,OFFENCES AGAINST LAWFUL AUTH,BRIBERY & CORRUPTION,0
KATSINA,OFFENCES AGAINST LAWFUL AUTH,ESCAPE FROM CUSTODY,7
KATSINA,OFFENCES AGAINST LAWFUL AUTH,OTHER OFFENCE AGAINST LAWFUL AUTH,45
KEBBI,OFFENCES AGAINST LAWFUL AUTH,FORGERY OF CURRENCY,4
KEBBI,OFFENCES AGAINST LAWFUL AUTH,COINING OFFENCE,0
KEBBI,OFFENCES AGAINST LAWFUL AUTH,GAMBLING,0
KEBBI,OFFENCES AGAINST LAWFUL AUTH,BREACH OF PEACE,6
KEBBI,OFFENCES AGAINST LAWFUL AUTH,PERJURY,0
KEBBI,OFFENCES AGAINST LAWFUL AUTH,BRIBERY & CORRUPTION,0
KEBBI,OFFENCES AGAINST LAWFUL AUTH,ESCAPE FROM CUSTODY,1
KEBBI,OFFENCES AGAINST LAWFUL AUTH,OTHER OFFENCE AGAINST LAWFUL AUTH,0
KOGI,OFFENCES AGAINST LAWFUL AUTH,FORGERY OF CURRENCY,2
KOGI,OFFENCES AGAINST LAWFUL AUTH,COINING OFFENCE,0
KOGI,OFFENCES AGAINST LAWFUL AUTH,GAMBLING,0
KOGI,OFFENCES AGAINST LAWFUL AUTH,BREACH OF PEACE,0
KOGI,OFFENCES AGAINST LAWFUL AUTH,PERJURY,0
KOGI,OFFENCES AGAINST LAWFUL AUTH,BRIBERY & CORRUPTION,0
KOGI,OFFENCES AGAINST LAWFUL AUTH,ESCAPE FROM CUSTODY,0
KOGI,OFFENCES AGAINST LAWFUL AUTH,OTHER OFFENCE AGAINST LAWFUL AUTH,23
KWARA,OFFENCES AGAINST LAWFUL AUTH,FORGERY OF CURRENCY,3
KWARA,OFFENCES AGAINST LAWFUL AUTH,COINING OFFENCE,0
KWARA,OFFENCES AGAINST LAWFUL AUTH,GAMBLING,0
KWARA,OFFENCES AGAINST LAWFUL AUTH,BREACH OF PEACE,11
KWARA,OFFENCES AGAINST LAWFUL AUTH,PERJURY,4
KWARA,OFFENCES AGAINST LAWFUL AUTH,BRIBERY & CORRUPTION,1
KWARA,OFFENCES AGAINST LAWFUL AUTH,ESCAPE FROM CUSTODY,1
KWARA,OFFENCES AGAINST LAWFUL AUTH,OTHER OFFENCE AGAINST LAWFUL AUTH,5
LAGOS STATE,OFFENCES AGAINST LAWFUL AUTH,FORGERY OF CURRENCY,23
LAGOS STATE,OFFENCES AGAINST LAWFUL AUTH,COINING OFFENCE,13
LAGOS STATE,OFFENCES AGAINST LAWFUL AUTH,GAMBLING,72
LAGOS STATE,OFFENCES AGAINST LAWFUL AUTH,BREACH OF PEACE,6183
LAGOS STATE,OFFENCES AGAINST LAWFUL AUTH,PERJURY,35
LAGOS STATE,OFFENCES AGAINST LAWFUL AUTH,BRIBERY & CORRUPTION,4
LAGOS STATE,OFFENCES AGAINST LAWFUL AUTH,ESCAPE FROM CUSTODY,18
LAGOS STATE,OFFENCES AGAINST LAWFUL AUTH,OTHER OFFENCE AGAINST LAWFUL AUTH,712
NIGER,OFFENCES AGAINST LAWFUL AUTH,FORGERY OF CURRENCY,2
NIGER,OFFENCES AGAINST LAWFUL AUTH,COINING OFFENCE,0
NIGER,OFFENCES AGAINST LAWFUL AUTH,GAMBLING,0
NIGER,OFFENCES AGAINST LAWFUL AUTH,BREACH OF PEACE,21
NIGER,OFFENCES AGAINST LAWFUL AUTH,PERJURY,0
NIGER,OFFENCES AGAINST LAWFUL AUTH,BRIBERY & CORRUPTION,1
NIGER,OFFENCES AGAINST LAWFUL AUTH,ESCAPE FROM CUSTODY,18
NIGER,OFFENCES AGAINST LAWFUL AUTH,OTHER OFFENCE AGAINST LAWFUL AUTH,712
NASARAWA,OFFENCES AGAINST LAWFUL AUTH,FORGERY OF CURRENCY,0
NASARAWA,OFFENCES AGAINST LAWFUL AUTH,COINING OFFENCE,0
NASARAWA,OFFENCES AGAINST LAWFUL AUTH,GAMBLING,0
NASARAWA,OFFENCES AGAINST LAWFUL AUTH,BREACH OF PEACE,96
NASARAWA,OFFENCES AGAINST LAWFUL AUTH,PERJURY,0
NASARAWA,OFFENCES AGAINST LAWFUL AUTH,BRIBERY & CORRUPTION,0
NASARAWA,OFFENCES AGAINST LAWFUL AUTH,ESCAPE FROM CUSTODY,4
NASARAWA,OFFENCES AGAINST LAWFUL AUTH,OTHER OFFENCE AGAINST LAWFUL AUTH,33
OGUN,OFFENCES AGAINST LAWFUL AUTH,FORGERY OF CURRENCY,0
OGUN,OFFENCES AGAINST LAWFUL AUTH,COINING OFFENCE,0
OGUN,OFFENCES AGAINST LAWFUL AUTH,GAMBLING,0
OGUN,OFFENCES AGAINST LAWFUL AUTH,BREACH OF PEACE,537
OGUN,OFFENCES AGAINST LAWFUL AUTH,PERJURY,0
OGUN,OFFENCES AGAINST LAWFUL AUTH,BRIBERY & CORRUPTION,0
OGUN,OFFENCES AGAINST LAWFUL AUTH,ESCAPE FROM CUSTODY,0
OGUN,OFFENCES AGAINST LAWFUL AUTH,OTHER OFFENCE AGAINST LAWFUL AUTH,0
ONDO,OFFENCES AGAINST LAWFUL AUTH,FORGERY OF CURRENCY,0
ONDO,OFFENCES AGAINST LAWFUL AUTH,COINING OFFENCE,0
ONDO,OFFENCES AGAINST LAWFUL AUTH,GAMBLING,0
ONDO,OFFENCES AGAINST LAWFUL AUTH,BREACH OF PEACE,279
ONDO,OFFENCES AGAINST LAWFUL AUTH,PERJURY,10
ONDO,OFFENCES AGAINST LAWFUL AUTH,BRIBERY & CORRUPTION,0
ONDO,OFFENCES AGAINST LAWFUL AUTH,ESCAPE FROM CUSTODY,0
ONDO,OFFENCES AGAINST LAWFUL AUTH,OTHER OFFENCE AGAINST LAWFUL AUTH,0
OYO,OFFENCES AGAINST LAWFUL AUTH,FORGERY OF CURRENCY,0
OYO,OFFENCES AGAINST LAWFUL AUTH,COINING OFFENCE,0
OYO,OFFENCES AGAINST LAWFUL AUTH,GAMBLING,6
OYO,OFFENCES AGAINST LAWFUL AUTH,BREACH OF PEACE,40
OYO,OFFENCES AGAINST LAWFUL AUTH,PERJURY,0
OYO,OFFENCES AGAINST LAWFUL AUTH,BRIBERY & CORRUPTION,0
OYO,OFFENCES AGAINST LAWFUL AUTH,ESCAPE FROM CUSTODY,0
OYO,OFFENCES AGAINST LAWFUL AUTH,OTHER OFFENCE AGAINST LAWFUL AUTH,0
OSUN,OFFENCES AGAINST LAWFUL AUTH,FORGERY OF CURRENCY,0
OSUN,OFFENCES AGAINST LAWFUL AUTH,COINING OFFENCE,0
OSUN,OFFENCES AGAINST LAWFUL AUTH,GAMBLING,0
OSUN,OFFENCES AGAINST LAWFUL AUTH,BREACH OF PEACE,52
OSUN,OFFENCES AGAINST LAWFUL AUTH,PERJURY,1
OSUN,OFFENCES AGAINST LAWFUL AUTH,BRIBERY & CORRUPTION,0
OSUN,OFFENCES AGAINST LAWFUL AUTH,ESCAPE FROM CUSTODY,1
PLATEAU,OFFENCES AGAINST LAWFUL AUTH,FORGERY OF CURRENCY,1
PLATEAU,OFFENCES AGAINST LAWFUL AUTH,COINING OFFENCE,0
PLATEAU,OFFENCES AGAINST LAWFUL AUTH,GAMBLING,0
PLATEAU,OFFENCES AGAINST LAWFUL AUTH,BREACH OF PEACE,0
PLATEAU,OFFENCES AGAINST LAWFUL AUTH,PERJURY,0
PLATEAU,OFFENCES AGAINST LAWFUL AUTH,BRIBERY & CORRUPTION,0
PLATEAU,OFFENCES AGAINST LAWFUL AUTH,ESCAPE FROM CUSTODY,1
PLATEAU,OFFENCES AGAINST LAWFUL AUTH,OTHER OFFENCE AGAINST LAWFUL AUTH,0
RIVERS,OFFENCES AGAINST LAWFUL AUTH,FORGERY OF CURRENCY,0
RIVERS,OFFENCES AGAINST LAWFUL AUTH,COINING OFFENCE,0
RIVERS,OFFENCES AGAINST LAWFUL AUTH,GAMBLING,0
RIVERS,OFFENCES AGAINST LAWFUL AUTH,BREACH OF PEACE,0
RIVERS,OFFENCES AGAINST LAWFUL AUTH,PERJURY,0
RIVERS,OFFENCES AGAINST LAWFUL AUTH,BRIBERY & CORRUPTION,0
RIVERS,OFFENCES AGAINST LAWFUL AUTH,ESCAPE FROM CUSTODY,0
RIVERS,OFFENCES AGAINST LAWFUL AUTH,OTHER OFFENCE AGAINST LAWFUL AUTH,0
SOKOTO,OFFENCES AGAINST LAWFUL AUTH,FORGERY OF CURRENCY,0
SOKOTO,OFFENCES AGAINST LAWFUL AUTH,COINING OFFENCE,0
SOKOTO,OFFENCES AGAINST LAWFUL AUTH,GAMBLING,0
SOKOTO,OFFENCES AGAINST LAWFUL AUTH,BREACH OF PEACE,22
SOKOTO,OFFENCES AGAINST LAWFUL AUTH,PERJURY,1
SOKOTO,OFFENCES AGAINST LAWFUL AUTH,BRIBERY & CORRUPTION,3
SOKOTO,OFFENCES AGAINST LAWFUL AUTH,ESCAPE FROM CUSTODY,0
SOKOTO,OFFENCES AGAINST LAWFUL AUTH,OTHER OFFENCE AGAINST LAWFUL AUTH,0
TARABA,OFFENCES AGAINST LAWFUL AUTH,FORGERY OF CURRENCY,3
TARABA,OFFENCES AGAINST LAWFUL AUTH,COINING OFFENCE,4
TARABA,OFFENCES AGAINST LAWFUL AUTH,GAMBLING,0
TARABA,OFFENCES AGAINST LAWFUL AUTH,BREACH OF PEACE,1
TARABA,OFFENCES AGAINST LAWFUL AUTH,PERJURY,1
TARABA,OFFENCES AGAINST LAWFUL AUTH,BRIBERY & CORRUPTION,2
TARABA,OFFENCES AGAINST LAWFUL AUTH,ESCAPE FROM CUSTODY,3
TARABA,OFFENCES AGAINST LAWFUL AUTH,OTHER OFFENCE AGAINST LAWFUL AUTH,19
YOBE,OFFENCES AGAINST LAWFUL AUTH,FORGERY OF CURRENCY,3
YOBE,OFFENCES AGAINST LAWFUL AUTH,COINING OFFENCE,0
YOBE,OFFENCES AGAINST LAWFUL AUTH,GAMBLING,0
YOBE,OFFENCES AGAINST LAWFUL AUTH,BREACH OF PEACE,0
YOBE,OFFENCES AGAINST LAWFUL AUTH,PERJURY,1
YOBE,OFFENCES AGAINST LAWFUL AUTH,BRIBERY & CORRUPTION,0
YOBE,OFFENCES AGAINST LAWFUL AUTH,ESCAPE FROM CUSTODY,7
YOBE,OFFENCES AGAINST LAWFUL AUTH,OTHER OFFENCE AGAINST LAWFUL AUTH,77
ZAMFARA,OFFENCES AGAINST LAWFUL AUTH,FORGERY OF CURRENCY,1
ZAMFARA,OFFENCES AGAINST LAWFUL AUTH,COINING OFFENCE,0
ZAMFARA,OFFENCES AGAINST LAWFUL AUTH,GAMBLING,0
ZAMFARA,OFFENCES AGAINST LAWFUL AUTH,BREACH OF PEACE,0
ZAMFARA,OFFENCES AGAINST LAWFUL AUTH,PERJURY,0
ZAMFARA,OFFENCES AGAINST LAWFUL AUTH,BRIBERY & CORRUPTION,0
ZAMFARA,OFFENCES AGAINST LAWFUL AUTH,ESCAPE FROM CUSTODY,0
ZAMFARA,OFFENCES AGAINST LAWFUL AUTH,OTHER OFFENCE AGAINST LAWFUL AUTH,31
